threshold,macro_f05,macro_precision,macro_recall,singleton_accuracy,n_entities,predicted,true_pairs,tp,false_positives,false_negatives,empty_predictions,t2,t3,gain
0.0,0.9583307046274951,0.978859594155844,0.9135553174603174,0.9420160570918823,20000,63813,69105,62896,917,6209,1194,0.75,0.7,0.00011577387384931193
0.0,0.9582730046870154,0.9793707846320345,0.9119565476190477,0.944692239072257,20000,63634,69105,62767,867,6338,1201,0.775,0.7,0.00005807393336954014
0.0,0.9582534971582021,0.9783216378066377,0.9148827777777777,0.9393398751115076,20000,63968,69105,63006,962,6099,1188,0.725,0.7,0.0000385664045562395
0.0,0.9582149307536458,0.9799981854256854,0.9101087896825396,0.9482604817127565,20000,63425,69105,62629,796,6476,1215,0.75,0.75,0.0
0.0,0.9582103558384,0.9797922132034631,0.9105475396825398,0.9482604817127565,20000,63478,69105,62649,829,6456,1209,0.8,0.7,-4.574915245858513e-6
0.0,0.9582088698689145,0.9807722222222223,0.9080632142857142,0.9553969669937555,20000,63194,69105,62452,742,6653,1227,0.75,0.775,-6.060884731318161e-6
0.0,0.958176037717715,0.9792647528860029,0.911927261904762,0.9464763603925067,20000,63632,69105,62772,860,6333,1209,0.75,0.725,-0.00003889303593085369
0.0,0.9581597924467941,0.9805159235209234,0.9085100198412698,0.9509366636931311,20000,63246,69105,62500,746,6605,1222,0.775,0.75,-0.00005513830685177634
0.0,0.958155219657301,0.981291865079365,0.9064644444444444,0.9580731489741302,20000,63015,69105,62323,692,6782,1234,0.775,0.775,-0.00005971109634483884
0.0,0.9581193298407273,0.9797771338383838,0.910328492063492,0.9491525423728814,20000,63453,69105,62643,810,6462,1216,0.775,0.725,-0.00009560091291849204
0.0,0.9580989109892842,0.9809427092352092,0.907101011904762,0.9545049063336307,20000,63090,69105,62382,708,6723,1230,0.8,0.75,-0.00011601976436159678
0.0,0.9580957032076615,0.9780555465367965,0.9148229563492065,0.9348795718108831,20000,63991,69105,63016,975,6089,1180,0.75,0.675,-0.00011922754598436835
0.0,0.9580943381997912,0.9817186507936507,0.9050554365079366,0.9616413916146298,20000,62859,69105,62205,654,6900,1242,0.8,0.775,-0.00012059255385465928
0.0,0.9580756413430985,0.9793930068542568,0.91138625,0.944692239072257,20000,63580,69105,62739,841,6366,1208,0.725,0.75,-0.00013928941054730526
0.0,0.9580695804583673,0.9801670436507937,0.9093406746031746,0.951828724353256,20000,63349,69105,62562,787,6543,1220,0.725,0.775,-0.0001453502952785124
0.0,0.9580586197804478,0.9802027290764791,0.908919484126984,0.9527207850133809,20000,63297,69105,62525,772,6580,1224,0.8,0.725,-0.000156310973198015
0.0,0.9580493030726637,0.9786762409812411,0.9132047222222224,0.9429081177520071,20000,63787,69105,62882,905,6223,1202,0.725,0.725,-0.00016562768098216107
0.0,0.9580380032671816,0.9785667370129869,0.9132241865079366,0.9375557537912578,20000,63812,69105,62887,925,6218,1187,0.775,0.675,-0.00017692748646425116
0.0,0.9580235994066301,0.9775259235209236,0.9161504166666667,0.9322033898305084,20000,64146,69105,63126,1020,5979,1174,0.725,0.675,-0.00019133134701576626
0.0,0.9579946199168738,0.9775968560606061,0.9159163690476191,0.9348795718108831,20000,64117,69105,63104,1013,6001,1182,0.7,0.7,-0.00022031083677198637
0.0,0.957983637061395,0.9766362409812409,0.9184339087301588,0.928635147190009,20000,64424,69105,63308,1116,5797,1164,0.65,0.7,-0.00023129369225083352
0.0,0.9579737387131246,0.9774069155844156,0.9161135515873017,0.9339875111507583,20000,64152,69105,63120,1032,5985,1177,0.75,0.65,-0.0002411920405211987
0.0,0.957963646971928,0.9771141973304471,0.9170983134920636,0.9313113291703836,20000,64274,69105,63206,1068,5899,1173,0.675,0.7,-0.00025128378171779264
0.0,0.957960191109653,0.9789695941558441,0.9118151785714286,0.9411239964317574,20000,63656,69105,62769,887,6336,1195,0.8,0.675,-0.00025473964399280735
0.0,0.957914585533805,0.9779031060606062,0.9145147817460318,0.936663693131133,20000,63973,69105,62991,982,6114,1184,0.775,0.65,-0.0003003452198407919
0.0,0.9579056570337625,0.9768814592352093,0.9174410119047621,0.9313113291703836,20000,64307,69105,63230,1077,5875,1171,0.725,0.65,-0.0003092737198833184
0.0,0.9578568548216072,0.9800996139971139,0.9085364682539683,0.951828724353256,20000,63279,69105,62496,783,6609,1220,0.825,0.7,-0.0003580759320386262
0.0,0.9578357317096097,0.9783034632034633,0.9131057738095238,0.9402319357716324,20000,63817,69105,62873,944,6232,1192,0.8,0.65,-0.00037919904403616034
0.0,0.9578164217358026,0.9786657251082251,0.9124198412698413,0.9402319357716324,20000,63729,69105,62837,892,6268,1202,0.7,0.75,-0.00039850901784321824
0.0,0.9578124441844047,0.979439761904762,0.910374265873016,0.9473684210526315,20000,63498,69105,62660,838,6445,1214,0.7,0.775,-0.0004024865692411339
0.0,0.9578036019171403,0.9776758243145743,0.914937380952381,0.9339875111507583,20000,64036,69105,63041,995,6064,1184,0.65,0.75,-0.0004113288365055201
0.0,0.9577986197865858,0.9810750793650793,0.9057714880952382,0.9580731489741302,20000,62965,69105,62269,696,6836,1237,0.75,0.8,-0.000416310967060074
0.0,0.9577900834653678,0.9779489592352093,0.9142383134920634,0.9384478144513827,20000,63936,69105,62980,956,6125,1196,0.7,0.725,-0.00042484728827807405
0.0,0.9577808464895635,0.9781572727272727,0.9136017857142859,0.936663693131133,20000,63886,69105,62939,947,6166,1193,0.675,0.75,-0.0004340842640823128
0.0,0.9577757411221545,0.9769756060606062,0.9167558531746032,0.9322033898305084,20000,64243,69105,63184,1059,5921,1178,0.65,0.725,-0.0004391896314913657
0.0,0.95776672904956,0.9768070941558442,0.917184007936508,0.927743086529884,20000,64295,69105,63224,1071,5881,1168,0.7,0.675,-0.0004482017040858821
0.0,0.95776077424921,0.9758598124098123,0.9197015476190475,0.9214986619090099,20000,64602,69105,63428,1174,5677,1150,0.65,0.675,-0.0004541565044358098
0.0,0.9577565086084451,0.9774546735209234,0.9154202579365079,0.9348795718108831,20000,64093,69105,63082,1011,6023,1187,0.675,0.725,-0.0004584221452007542
0.0,0.957752682653215,0.978392599206349,0.9128418055555554,0.9402319357716324,20000,63805,69105,62864,941,6241,1195,0.65,0.775,-0.00046224810043082876
0.0,0.9577449695749719,0.9815947222222221,0.9041727182539684,0.9607493309545049,20000,62786,69105,62140,646,6965,1244,0.775,0.8,-0.0004699611786739277
0.0,0.9577376591597433,0.9763327687590189,0.9183659523809525,0.9241748438893844,20000,64452,69105,63326,1126,5779,1159,0.675,0.675,-0.0004772715939025396
0.0,0.9577249586647869,0.9788747619047619,0.9115062103174603,0.9429081177520071,20000,63655,69105,62762,893,6343,1204,0.675,0.775,-0.0004899720888589254
0.0,0.9577037742653572,0.9812127092352093,0.9050899404761904,0.9580731489741302,20000,62891,69105,62229,662,6876,1242,0.825,0.75,-0.0005111564882885888
0.0,0.957698876527992,0.9805210624098125,0.9069084126984126,0.9562890276538805,20000,63098,69105,62372,726,6733,1235,0.825,0.725,-0.000516054225653817
0.0,0.9576942455952183,0.9820465079365078,0.9027637103174604,0.9643175735950045,20000,62630,69105,62022,608,7083,1252,0.8,0.8,-0.0005206851584275141
0.0,0.9576897672052844,0.9819878174603175,0.9030443650793651,0.9652096342551294,20000,62660,69105,62052,608,7053,1254,0.825,0.775,-0.000525163548361407
0.0,0.9576600296767378,0.9804699007936508,0.9070489484126986,0.9545049063336307,20000,63120,69105,62379,741,6726,1230,0.725,0.8,-0.000554901076908032
0.0,0.9576477450100258,0.9761651298701297,0.9184746031746032,0.9268510258697591,20000,64456,69105,63328,1128,5777,1165,0.7,0.65,-0.0005671857436200245
0.0,0.9576108432313883,0.9792719949494949,0.9098041071428572,0.944692239072257,20000,63457,69105,62616,841,6489,1206,0.825,0.675,-0.0006040875222574904
0.0,0.9576000277319574,0.9751745147907648,0.9209921428571428,0.9206066012488849,20000,64763,69105,63532,1231,5573,1148,0.65,0.65,-0.0006149030216884288
0.0,0.957584124254408,0.9756491378066378,0.9196565476190477,0.9232827832292596,20000,64613,69105,63430,1183,5675,1157,0.675,0.65,-0.000630806499237857
0.0,0.9574853421646785,0.9786033639971141,0.9110947023809524,0.943800178412132,20000,63618,69105,62720,898,6385,1203,0.825,0.65,-0.0007295885889673226
0.0,0.957468440105152,0.9804246735209236,0.9064259126984127,0.9536128456735058,20000,63089,69105,62337,752,6768,1224,0.85,0.7,-0.0007464906484938583
0.0,0.9574264773477049,0.9814113690476189,0.9035512698412699,0.9589652096342551,20000,62751,69105,62103,648,7002,1243,0.75,0.825,-0.0007884534059409143
0.0,0.9573923279265848,0.9797234523809524,0.9080825396825396,0.9500446030330062,20000,63269,69105,62477,792,6628,1224,0.7,0.8,-0.0008226028270610364
0.0,0.9573748964805753,0.9819393452380951,0.9019525000000002,0.9616413916146298,20000,62572,69105,61974,598,7131,1250,0.775,0.825,-0.0008400342730705557
0.0,0.9573344308911932,0.9786654563492062,0.9105500793650794,0.9429081177520071,20000,63576,69105,62681,895,6424,1205,0.65,0.8,-0.0008804998624526439
0.0,0.9573175975071881,0.982393630952381,0.9005434920634922,0.9652096342551294,20000,62416,69105,61856,560,7249,1258,0.8,0.825,-0.0008973332464576877
0.0,0.9573058840736336,0.9791559523809523,0.9092144841269841,0.9455842997323818,20000,63426,69105,62579,847,6526,1214,0.675,0.8,-0.0009090466800122377
0.0,0.9573040345217214,0.9808586219336219,0.9047978571428572,0.9580731489741302,20000,62908,69105,62213,695,6892,1239,0.85,0.725,-0.0009108962319244185
0.0,0.9572987098018053,0.9815502687590186,0.9029793849206348,0.9598572702943801,20000,62701,69105,62070,631,7035,1246,0.85,0.75,-0.0009162209518405184
0.0,0.9572868455711901,0.980802023809524,0.9048287301587301,0.9553969669937555,20000,62906,69105,62213,693,6892,1236,0.725,0.825,-0.0009280851824556846
0.0,0.9572794944083993,0.982325376984127,0.9009338095238094,0.9669937555753791,20000,62470,69105,61893,577,7212,1258,0.85,0.775,-0.0009354363452465098
0.0,0.9572785868671734,0.9823237698412697,0.9007526388888889,0.967885816235504,20000,62431,69105,61869,562,7236,1264,0.825,0.8,-0.0009363438864724571
0.0,0.9572200475625521,0.9795887211399711,0.9076935515873018,0.9464763603925067,20000,63267,69105,62457,810,6648,1210,0.85,0.675,-0.000994883191093754
0.0,0.9571162742092927,0.982006488095238,0.9010198015873014,0.9607493309545049,20000,62512,69105,61908,604,7197,1247,0.75,0.85,-0.0010986565443531493
0.0,0.9570935048291754,0.9789175901875901,0.908984146825397,0.9455842997323818,20000,63428,69105,62561,867,6544,1207,0.85,0.65,-0.0011214259244703983
0.0,0.9570643572077095,0.9825369642857142,0.8994210317460318,0.9634255129348795,20000,62333,69105,61779,554,7326,1254,0.775,0.85,-0.0011505735459362842
0.0,0.9570222688210371,0.9800589087301587,0.9058623214285715,0.9509366636931311,20000,63055,69105,62311,744,6794,1230,0.7,0.825,-0.0011926619326086962
0.0,0.9569828158100796,0.9829745833333334,0.8980120238095238,0.9669937555753791,20000,62177,69105,61661,516,7444,1263,0.8,0.85,-0.0012321149435662315
0.0,0.9569798462142906,0.9813971428571429,0.9022972619047619,0.9571810883140054,20000,62667,69105,62018,649,7087,1240,0.725,0.85,-0.00123508453935528
0.0,0.9569643717856455,0.9790009126984125,0.9083298611111111,0.943800178412132,20000,63362,69105,62515,847,6590,1211,0.65,0.825,-0.0012505589680003038
0.0,0.9569358249680862,0.9794914087301587,0.9069942658730157,0.9464763603925067,20000,63212,69105,62413,799,6692,1220,0.675,0.825,-0.0012791057855596755
0.0,0.9568654090711057,0.9826208928571428,0.8985324206349207,0.9687778768956289,20000,62217,69105,61703,514,7402,1271,0.825,0.825,-0.0013495216825401002
0.0,0.9568318104340692,0.9826129960317459,0.8986420833333334,0.9696699375557538,20000,62241,69105,61710,531,7395,1269,0.85,0.8,-0.0013831203195766584
0.0,0.956714227797471,0.9806498611111112,0.9033308531746032,0.9527207850133809,20000,62816,69105,62116,700,6989,1234,0.7,0.85,-0.001500702956174882
0.0,0.956645727032625,0.9795693650793652,0.9057983928571428,0.9455842997323818,20000,63123,69105,62320,803,6785,1215,0.65,0.85,-0.0015692037210208731
0.0,0.9566170563805666,0.980062361111111,0.9044627976190477,0.9482604817127565,20000,62973,69105,62218,755,6887,1224,0.675,0.85,-0.0015978743730792333
0.0,0.9565391994155144,0.9832143452380951,0.8960009523809523,0.9705619982158786,20000,61978,69105,61508,470,7597,1276,0.825,0.85,-0.001675731338131481
0.0,0.9564186326380015,0.982910119047619,0.8964218650793652,0.9705619982158786,20000,62027,69105,61544,483,7561,1276,0.85,0.825,-0.0017962981156443014
0.0,0.9560920213007583,0.9835060714285715,0.8938903968253968,0.9723461195361285,20000,61788,69105,61349,439,7756,1281,0.85,0.85,-0.0021229094528875114
