threshold,macro_f05,macro_precision,macro_recall,singleton_accuracy,n_entities,predicted,true_pairs,tp,false_positives,false_negatives,empty_predictions,gate_threshold,expensive_pairs,effective_pair_recall
0.0,0.9582149307536458,0.9799981854256854,0.9101087896825396,0.9482604817127565,20000,63425,69105,62629,796,6476,1215,0.0001,1146008,0.9849793792055568
0.0,0.9582071926584076,0.9799981854256854,0.9100800396825398,0.9482604817127565,20000,63422,69105,62626,796,6479,1215,0.0005,504598,0.9845307864843355
0.0,0.9582052331595733,0.9800148520923522,0.9100342063492062,0.9482604817127565,20000,63418,69105,62623,795,6482,1215,0.001,366096,0.9840821937631141
0.0,0.9581288127050277,0.9799648520923522,0.9099050396825398,0.9482604817127565,20000,63412,69105,62617,795,6488,1216,0.002,275433,0.9833007741842125
0.0,0.957985185192834,0.9799148520923522,0.9096067063492065,0.9482604817127565,20000,63393,69105,62599,794,6506,1218,0.005,199208,0.981318283771073
0.0,0.9579151421494869,0.9799571139971139,0.9092953968253968,0.9482604817127565,20000,63368,69105,62577,791,6528,1218,0.01,164334,0.9792634396932205
0.0,0.9575458151331928,0.9798530663780665,0.9083714682539683,0.9482604817127565,20000,63292,69105,62507,785,6598,1221,0.02,142233,0.975819405252876
0.0,0.9568109564809562,0.9797338997113999,0.9063348412698411,0.9491525423728814,20000,63130,69105,62356,774,6749,1228,0.05,116538,0.9676289704073512
0.0,0.9555510152851359,0.9793524007936508,0.903105238095238,0.9500446030330062,20000,62871,69105,62123,748,6982,1243,0.1,100525,0.9560089718544245
