threshold,macro_f05,macro_precision,macro_recall,singleton_accuracy,n_entities,predicted,true_pairs,tp,false_positives,false_negatives,empty_predictions
0.3,0.9111742788582093,0.9233785714285714,0.9056968253968254,0.7777777777777778,2000,6843,6929,6298,545,631,95
0.325,0.9149690906610328,0.9285843253968253,0.9039373015873016,0.7962962962962963,2000,6774,6929,6278,496,651,98
0.35,0.9159734148907579,0.9309331349206349,0.9004706349206348,0.8055555555555556,2000,6720,6929,6255,465,674,101
0.375,0.919493645093884,0.9358656746031745,0.8988575396825397,0.8333333333333334,2000,6650,6929,6235,415,694,106
0.4,0.9212011456832196,0.9389416666666666,0.8955408730158732,0.8333333333333334,2000,6591,6929,6212,379,717,107
0.425,0.9226631434586041,0.9414178571428571,0.8936194444444444,0.8333333333333334,2000,6551,6929,6194,357,735,107
0.45,0.9254216766519134,0.9455172619047619,0.8921087301587302,0.8518518518518519,2000,6500,6929,6175,325,754,109
0.475,0.9281805252265699,0.9499805555555556,0.8890867063492063,0.8611111111111112,2000,6439,6929,6151,288,778,111
0.5,0.9303739185156057,0.9534075396825397,0.8872367063492063,0.8611111111111112,2000,6392,6929,6135,257,794,112
0.525,0.9315404946909713,0.9553932539682539,0.8856867063492063,0.8611111111111112,2000,6363,6929,6122,241,807,112
0.55,0.9331727240166763,0.9583452380952381,0.8837575396825397,0.8611111111111112,2000,6324,6929,6107,217,822,112
0.575,0.9348852422170076,0.9606511904761904,0.883490873015873,0.8796296296296297,2000,6295,6929,6098,197,831,115
0.6,0.9358629964902128,0.9627565476190476,0.8812992063492063,0.8888888888888888,2000,6258,6929,6079,179,850,117
0.625,0.9361773320900495,0.9646285714285715,0.8777472222222222,0.8888888888888888,2000,6217,6929,6053,164,876,117
0.65,0.9368052453315715,0.9668565476190477,0.8747871031746031,0.9074074074074074,2000,6171,6929,6022,149,907,119
0.675,0.9372089357111913,0.967764880952381,0.8738121031746032,0.9166666666666666,2000,6152,6929,6012,140,917,121
0.7,0.9374554904305907,0.9695089285714287,0.8704823412698413,0.9166666666666666,2000,6114,6929,5987,127,942,121
0.725,0.9377499217767229,0.9706565476190476,0.8685406746031744,0.9351851851851852,2000,6082,6929,5967,115,962,125
0.75,0.9375486581626806,0.9717208333333333,0.8656692460317461,0.9444444444444444,2000,6047,6929,5942,105,987,127
0.775,0.9372470223321082,0.9727017857142858,0.8620097222222223,0.9444444444444444,2000,6011,6929,5914,97,1015,127
0.8,0.9370422966282902,0.974222619047619,0.8581841269841269,0.9537037037037037,2000,5967,6929,5881,86,1048,128
0.825,0.9367268743076216,0.9756857142857143,0.8538174603174602,0.9537037037037037,2000,5918,6929,5847,71,1082,129
0.85,0.9362390552703581,0.9770273809523808,0.8496376984126983,0.9722222222222222,2000,5871,6929,5811,60,1118,133
0.875,0.9324665543682277,0.9756523809523809,0.8409940476190476,0.9722222222222222,2000,5808,6929,5750,58,1179,137
0.9,0.9290584134765149,0.9750273809523808,0.8329702380952381,0.9722222222222222,2000,5749,6929,5695,54,1234,139
0.925,0.9247816511864553,0.9753863095238096,0.8206789682539681,0.9814814814814815,2000,5651,6929,5606,45,1323,142
0.95,0.9128479709516334,0.9713029761904762,0.796995634920635,0.9907407407407407,2000,5454,6929,5420,34,1509,154
