token,canonical,association,coverage,support,similarity
limiteda,limited,0.43992415100844684,0.9858356940509915,3828,0.9333333333333332
praaiveta,private,0.4168805246649558,1.0,2924,0.625
incorporated,inc,0.2883307895101984,0.9980787704130644,1039,0.4
praa,pvt,0.35334386519220645,1.0,671,0.2857142857142857
li,ltd,0.29644356085707974,0.9809941520467836,671,0.4
elaelapee,llp,0.3624047417442845,1.0,214,0.5
teka,tech,0.6522593320235757,1.0,166,0.5
globala,global,0.37823834196891193,1.0,146,0.923076923076923
intaraneshanala,international,0.4392523364485981,1.0,141,0.6428571428571428
ear,throat,0.9921875,1.0,127,0.2222222222222222
meediyaa,media,0.630272952853598,1.0,127,0.7692307692307692
nose,throat,0.984251968503937,1.0,125,0.19999999999999996
ankle,foot,0.991869918699187,1.0,122,0.0
esteta,estate,0.6816901408450704,1.0,121,0.6666666666666667
inphraa,infra,0.633245382585752,1.0,120,0.6666666666666667
phooda,food,0.655367231638418,1.0,116,0.6
kansaltinga,consulting,0.5454545454545454,1.0,108,0.6666666666666667
lojistiksa,logistics,0.5853658536585366,1.0,108,0.736842105263158
tredinga,trading,0.3,1.0,108,0.8
kanstrakshansa,constructions,0.6388059701492538,1.0,107,0.4444444444444444
teknolojee,technology,0.4331983805668016,1.0,107,0.6
phaaundeshana,foundation,0.35845896147403683,1.0,107,0.43478260869565216
phoodsa,foods,0.5234567901234568,1.0,106,0.6666666666666667
kansaltensee,consultancy,0.48735632183908045,1.0,106,0.43478260869565216
maarketinga,marketing,0.45951859956236324,1.0,105,0.9
devalaparsa,developers,0.5097087378640777,1.0,105,0.6666666666666667
vencharsa,ventures,0.39245283018867927,1.0,104,0.5882352941176471
inphoteka,infotech,0.6560509554140127,1.0,103,0.5882352941176471
enarjee,energy,0.5037037037037037,1.0,102,0.4615384615384615
injeeniyaringa,engineering,0.4636363636363636,1.0,102,0.64
eksaportsa,exports,0.599406528189911,1.0,101,0.7058823529411764
paavara,power,0.6292834890965732,1.0,101,0.33333333333333337
projektsa,projects,0.547945205479452,1.0,100,0.8235294117647058
aaeetee,it,0.5524861878453039,1.0,100,0.2222222222222222
solyooshansa,solutions,0.2418379685610641,1.0,100,0.5714285714285714
bildarsa,builders,0.5577464788732395,1.0,99,0.75
kansaltentsa,consultants,0.4,1.0,99,0.6086956521739131
impeksa,impex,0.6384364820846905,1.0,98,0.6666666666666667
sistamsa,systems,0.41702127659574467,1.0,98,0.6666666666666667
inphraastrakchara,infrastructure,0.5117493472584856,1.0,98,0.5806451612903225
investamenta,investment,0.547550432276657,1.0,95,0.9090909090909091
teknolojeeja,technologies,0.29375,1.0,94,0.5833333333333333
kanstrakshana,construction,0.5026737967914439,1.0,94,0.4
prodyoosara,producer,0.5210084033613446,1.0,93,0.5263157894736843
keyara,care,0.13182140326009922,1.0,93,0.4
indastreeja,industries,0.32098765432098764,1.0,91,0.6666666666666667
mainejamenta,management,0.40825688073394495,1.0,89,0.7272727272727273
bijanesa,business,0.5132743362831859,1.0,87,0.625
proparteeja,properties,0.4509283819628647,1.0,85,0.6666666666666667
sophtaveyara,software,0.4594594594594595,1.0,85,0.5
aaditya,aditya,0.8842105263157894,1.0,84,0.923076923076923
entarapraaijeja,enterprises,0.31144465290806755,1.0,83,0.6153846153846154
prodaktsa,products,0.39709443099273606,1.0,82,0.7058823529411764
riyala,real,0.6639676113360324,1.0,82,0.6
jaina,jain,0.8020304568527918,1.0,79,0.8888888888888888
phaainensa,finance,0.46607669616519176,1.0,79,0.3529411764705882
investamentsa,investments,0.46017699115044247,1.0,78,0.9166666666666665
helthakeyara,healthcare,0.4695121951219512,1.0,77,0.6363636363636364
hospitailitee,hospitality,0.4438040345821326,1.0,77,0.8333333333333335
egro,agro,0.4582043343653251,1.0,74,0.75
soorya,surya,0.7978142076502732,1.0,73,0.7272727272727273
lotasa,lotus,0.7422680412371134,1.0,72,0.7272727272727273
sarviseja,services,0.16457142857142856,1.0,72,0.5882352941176471
baabaa,baba,0.8606060606060606,1.0,71,0.8
klaasika,classic,0.459546925566343,1.0,71,0.5333333333333333
inovetiva,innovative,0.4303030303030303,1.0,71,0.736842105263158
esaesa,ss,0.7225130890052356,1.0,69,0.5
laaipha,life,0.5887445887445888,1.0,68,0.36363636363636365
preemiyara,premier,0.39080459770114945,1.0,68,0.7058823529411764
gujaraata,gujarat,0.7727272727272727,1.0,68,0.875
raaja,raj,0.7403314917127072,1.0,67,0.75
braaita,bright,0.3462532299741602,1.0,67,0.6153846153846154
tek,tech,0.3144963144963145,1.0,64,0.5714285714285714
bloo,blue,0.3160493827160494,1.0,64,0.5
staara,star,0.3539325842696629,1.0,63,0.8
golda,gold,0.6528497409326425,1.0,63,0.8888888888888888
epeksa,apex,0.3423913043478261,1.0,63,0.4
saautha,south,0.5080645161290323,1.0,63,0.6666666666666667
greta,great,0.3768996960486322,0.9841269841269841,62,0.8
raama,ram,0.7469879518072289,1.0,62,0.75
silvara,silver,0.33695652173913043,1.0,62,0.7692307692307692
greena,green,0.3046683046683047,1.0,62,0.9090909090909091
eestarna,eastern,0.543859649122807,1.0,62,0.6666666666666667
guda,good,0.6702702702702703,1.0,62,0.5
praaima,prime,0.38390092879256965,1.0,62,0.6666666666666667
goldana,golden,0.3027295285359802,1.0,61,0.7692307692307692
smaarta,smart,0.3730886850152905,1.0,61,0.8333333333333335
baalaajee,balaji,0.7134502923976608,1.0,61,0.6666666666666667
nyoo,new,0.34173669467787116,1.0,61,0.2857142857142857
northa,north,0.45353159851301117,1.0,61,0.9090909090909091
shivaa,shiva,0.759493670886076,1.0,60,0.9090909090909091
indiyana,indian,0.6779661016949152,1.0,60,0.8571428571428572
sadarna,southern,0.5130434782608696,1.0,59,0.4
vana,one,0.7073170731707317,1.0,58,0.2857142857142857
bhaarata,bharat,0.7341772151898734,1.0,58,0.8571428571428572
vhaaita,white,0.5560975609756098,1.0,57,0.5
sitee,city,0.36421725239616615,1.0,57,0.4444444444444444
besta,best,0.3745819397993311,1.0,56,0.8888888888888888
biga,big,0.5209302325581395,1.0,56,0.8571428571428572
svastika,swastik,0.6871165644171779,1.0,56,0.8
paraphekta,perfect,0.5656565656565656,1.0,56,0.4705882352941176
esa,ace,0.37037037037037035,1.0,55,0.33333333333333337
sevana,seven,0.6875,1.0,55,0.7272727272727273
pharsta,first,0.30386740331491713,1.0,55,0.5
supara,super,0.6010928961748634,1.0,55,0.7272727272727273
yoonika,unique,0.6748466257668712,1.0,55,0.3076923076923077
aananda,anand,0.7482993197278912,1.0,55,0.8333333333333335
haaee,high,0.5934065934065934,1.0,54,0.2222222222222222
maan,maa,0.6033519553072626,1.0,54,0.8571428571428572
reda,red,0.4675324675324675,1.0,54,0.8571428571428572
ala,al,0.675,0.9642857142857143,54,0.8
vijaya,vijay,0.7152317880794702,0.9642857142857143,54,0.9090909090909091
dijitala,digital,0.32142857142857145,1.0,54,0.8
vijana,vision,0.3231707317073171,1.0,53,0.5
krietiva,creative,0.31547619047619047,1.0,53,0.625
blaika,black,0.5638297872340425,1.0,53,0.7272727272727273
arihanta,arihant,0.7074829931972789,1.0,52,0.9333333333333332
royala,royal,0.3432343234323432,1.0,52,0.9090909090909091
daayanaamika,dynamic,0.3466666666666667,1.0,52,0.631578947368421
phyoochara,future,0.5895953757225434,1.0,51,0.125
paayoniyara,pioneer,0.3248407643312102,1.0,51,0.4444444444444444
bombe,bombay,0.6986301369863014,1.0,51,0.7272727272727273
sana,sun,0.6219512195121951,0.9807692307692307,51,0.5714285714285714
arbana,urban,0.46445497630331756,1.0,49,0.7272727272727273
maaya,my,0.7058823529411765,1.0,48,0.5714285714285714
modarna,modern,0.3157894736842105,1.0,48,0.7692307692307692
ola,all,0.31683168316831684,0.96,48,0.33333333333333337
shivama,shivam,0.7401574803149606,1.0,47,0.923076923076923
eesta,east,0.38524590163934425,1.0,47,0.6666666666666667
haaeeteka,hitech,0.5875,1.0,47,0.4
shyaama,shyam,0.706766917293233,1.0,47,0.8333333333333335
supreema,supreme,0.3262411347517731,1.0,46,0.8
dreema,dream,0.6164383561643836,1.0,45,0.7272727272727273
assistance,autism,0.989010989010989,1.0,45,0.375
phorchyoona,fortune,0.6164383561643836,1.0,45,0.33333333333333337
alphaa,alpha,0.6081081081081081,1.0,45,0.9090909090909091
krishnaa,krishna,0.5512820512820513,1.0,43,0.9333333333333332
hotala,hotel,0.5771812080536913,1.0,43,0.7272727272727273
kanstrakshans,constructions,0.3111111111111111,1.0,42,0.4615384615384615
yoonaaiteda,united,0.2709677419354839,1.0,42,0.5882352941176471
sanaraaija,sunrise,0.5419354838709678,1.0,42,0.4705882352941176
saaeen,sai,0.4685714285714286,1.0,41,0.4444444444444444
teknaalajees,technologies,0.13969335604770017,1.0,41,0.5
skaaee,sky,0.5405405405405406,1.0,40,0.4444444444444444
yoonivarsala,universal,0.4968944099378882,1.0,40,0.6666666666666667
gaileksee,galaxy,0.5194805194805194,1.0,40,0.4
saaee,sai,0.4508670520231214,1.0,39,0.5
prodakts,products,0.20108695652173914,1.0,37,0.75
bildars,builders,0.2525597269624573,1.0,37,0.8
eses,ss,0.45569620253164556,1.0,36,0.6666666666666667
estet,estate,0.26666666666666666,1.0,36,0.7272727272727273
8rothers,brothers,0.125,1.0,35,0.875
sooryaa,surya,0.4722222222222222,1.0,34,0.6666666666666667
praajekts,projects,0.22742474916387959,1.0,34,0.7058823529411764
phud,food,0.23703703703703705,1.0,32,0.25
oma,om,0.4507042253521127,1.0,32,0.8
inpeks,impex,0.26556016597510373,1.0,32,0.5454545454545454
phuds,foods,0.1933534743202417,1.0,32,0.4
haitek,hitech,0.4413793103448276,1.0,32,0.6666666666666667
laajistiks,logistics,0.21843003412969283,1.0,32,0.631578947368421
enarji,energy,0.18562874251497005,1.0,31,0.5
eksports,exports,0.23220973782771537,1.0,31,0.8
venchars,ventures,0.13157894736842105,1.0,30,0.625
heltker,healthcare,0.21352313167259787,1.0,30,0.5882352941176471
prodyoosar,producer,0.20408163265306123,1.0,30,0.5555555555555556
es,ace,0.21818181818181817,0.9090909090909091,30,0.4
kansalting,consulting,0.18867924528301888,1.0,30,0.7
fami1y,family,0.16574585635359115,1.0,30,0.8333333333333335
hai,high,0.36942675159235666,1.0,29,0.5714285714285714
klaasik,classic,0.2037735849056604,1.0,27,0.5714285714285714
menejment,management,0.1443850267379679,1.0,27,0.736842105263158
aiti,it,0.18685121107266436,1.0,27,0.6666666666666667
svastik,swastik,0.40298507462686567,1.0,27,0.8571428571428572
sistams,systems,0.1306532663316583,1.0,26,0.7142857142857143
raaj,raj,0.37142857142857144,1.0,26,0.8571428571428572
pavar,power,0.21138211382113822,1.0,26,0.4
eestarn,eastern,0.2708333333333333,1.0,26,0.7142857142857143
staar,star,0.15723270440251572,1.0,25,0.8888888888888888
mai,my,0.42857142857142855,1.0,24,0.4
praapartees,properties,0.1518987341772152,1.0,24,0.6666666666666667
gud,good,0.32653061224489793,1.0,24,0.5714285714285714
kanstrakshan,construction,0.15789473684210525,1.0,24,0.41666666666666663
parphekt,perfect,0.2787878787878788,1.0,23,0.5333333333333333
smaart,smart,0.1527777777777778,1.0,22,0.9090909090909091
phast,first,0.1337386018237082,1.0,22,0.4
raayal,royal,0.16117216117216118,1.0,22,0.7272727272727273
devalapars,developers,0.1337386018237082,1.0,22,0.7
skai,sky,0.32558139534883723,1.0,21,0.5714285714285714
riyal,real,0.22580645161290322,1.0,21,0.6666666666666667
haaspitaalitee,hospitality,0.13793103448275862,1.0,20,0.72
inphotek,infotech,0.17316017316017315,1.0,20,0.625
shyaam,shyam,0.3619047619047619,1.0,19,0.9090909090909091
de1hi,delhi,0.15261044176706828,1.0,19,0.8
laiph,life,0.2087912087912088,1.0,19,0.4444444444444444
8ay,bay,0.21965317919075145,1.0,19,0.6666666666666667
aanand,anand,0.32727272727272727,1.0,18,0.9090909090909091
eest,east,0.16744186046511628,1.0,18,0.75
haai,high,0.2465753424657534,1.0,18,0.5
baalaaji,balaji,0.28125,1.0,18,0.8571428571428572
pi0neer,pioneer,0.12811387900355872,1.0,18,0.8571428571428572
sadarn,southern,0.19047619047619047,1.0,18,0.4285714285714286
gret,great,0.1267605633802817,1.0,18,0.8888888888888888
impeks,impex,0.15859030837004406,1.0,18,0.7272727272727273
raam,ram,0.29508196721311475,1.0,18,0.8571428571428572
eksaportasa,exports,0.12698412698412698,1.0,16,0.6666666666666667
earnosethroat,throat,0.2206896551724138,1.0,16,0.631578947368421
arban,urban,0.1694915254237288,1.0,15,0.8
dreem,dream,0.25862068965517243,1.0,15,0.8
cardio1ogy,cardiology,0.13953488372093023,1.0,15,0.9
naart,north,0.12612612612612611,1.0,14,0.6
saayi,sai,0.1891891891891892,1.0,14,0.75
r0cky,rocky,0.14,1.0,14,0.8
gujaraat,gujarat,0.22950819672131148,1.0,14,0.9333333333333332
5uper,super,0.19718309859154928,1.0,14,0.8
arpan,urban,0.14772727272727273,0.9285714285714286,13,0.6
bhaarat,bharat,0.23008849557522124,1.0,13,0.923076923076923
heart1and,heartland,0.12871287128712872,1.0,13,0.8888888888888888
cardi0logy,cardiology,0.12206572769953052,1.0,13,0.9
pilaak,black,0.17567567567567569,1.0,13,0.5454545454545454
physica1,physical,0.13978494623655913,1.0,13,0.875
gelaaksee,galaxy,0.2047244094488189,1.0,13,0.4
lotas,lotus,0.1925925925925926,1.0,13,0.8
continenta1,continental,0.12435233160621761,1.0,12,0.9090909090909091
revitup,rev,0.36923076923076925,1.0,12,0.6
cust0m,custom,0.15384615384615385,1.0,12,0.8333333333333335
blyaak,black,0.16326530612244897,1.0,12,0.7272727272727273
lottas,lotus,0.1791044776119403,1.0,12,0.7272727272727273
chivaa,shiva,0.21818181818181817,1.0,12,0.7272727272727273
haaiteka,hitech,0.192,1.0,12,0.5714285714285714
fr0ntier,frontier,0.13872832369942195,1.0,12,0.875
indiyan,indian,0.18604651162790697,1.0,12,0.923076923076923
advis0rs,advisors,0.12244897959183673,1.0,12,0.875
c0ntinental,continental,0.12435233160621761,1.0,12,0.9090909090909091
saut,south,0.1218274111675127,1.0,12,0.6666666666666667
5tate,state,0.12429378531073447,1.0,11,0.8
behavi0ral,behavioral,0.15827338129496402,1.0,11,0.9
l0tus,lotus,0.16541353383458646,1.0,11,0.8
baanbe,bombay,0.20754716981132076,1.0,11,0.33333333333333337
hotal,hotel,0.18803418803418803,1.0,11,0.8
5ignature,signature,0.14285714285714285,1.0,11,0.8888888888888888
aalphaa,alpha,0.19298245614035087,1.0,11,0.8333333333333335
aarabaana,urban,0.12716763005780346,1.0,11,0.5714285714285714
h0me,home,0.1506849315068493,1.0,11,0.75
soopar,super,0.15827338129496402,1.0,11,0.5454545454545454
into,indo,0.1896551724137931,0.9166666666666666,11,0.75
pik,big,0.12941176470588237,1.0,11,0.33333333333333337
shibama,shivam,0.2222222222222222,1.0,10,0.7692307692307692
skaai,sky,0.1694915254237288,1.0,10,0.5
de1ta,delta,0.12269938650306748,1.0,10,0.8
sanrais,sunrise,0.16260162601626016,1.0,10,0.7142857142857143
n0se,nose,0.14388489208633093,1.0,10,0.75
ank1e,ankle,0.14925373134328357,1.0,10,0.8
wi1liams,williams,0.13986013986013987,1.0,10,0.875
vait,white,0.12658227848101267,1.0,10,0.4444444444444444
diam0nd,diamond,0.12658227848101267,1.0,10,0.8571428571428572
chevan,seven,0.17391304347826086,1.0,10,0.5454545454545454
yunika,unique,0.1694915254237288,1.0,10,0.5
lnitiative,initiative,0.19047619047619047,1.0,10,0.9
5elect,select,0.1282051282051282,1.0,10,0.8333333333333335
kelaksi,galaxy,0.14634146341463414,1.0,9,0.3076923076923077
earnose,throat,0.13043478260869565,1.0,9,0.3076923076923077
tiruppati,tirupati,0.14516129032258066,1.0,9,0.9411764705882352
5ecurity,security,0.15126050420168066,1.0,9,0.875
res0urces,resources,0.2647058823529412,1.0,9,0.8888888888888888
saai,sai,0.1258741258741259,1.0,9,0.8571428571428572
chanrais,sunrise,0.14754098360655737,1.0,9,0.5333333333333333
shivan,shivam,0.20224719101123595,1.0,9,0.8333333333333335
iunibhaarsaala,universal,0.13846153846153847,1.0,9,0.6086956521739131
j0nes,jones,0.15126050420168066,1.0,9,0.8
5eva,seva,0.2222222222222222,1.0,9,0.75
sanraij,sunrise,0.14754098360655737,1.0,9,0.5714285714285714
5s,ss,0.13740458015267176,1.0,9,0.5
0rthopedic,orthopedic,0.1323529411764706,1.0,9,0.9
womenshealth,womens,0.1258741258741259,1.0,9,0.6666666666666667
indiyaana,indian,0.128,1.0,8,0.8
saൺrais,sunrise,0.1322314049586777,1.0,8,0.5714285714285714
iunika,unique,0.13793103448275862,1.0,8,0.5
drima,dream,0.14678899082568808,1.0,8,0.6
paarat,bharat,0.14814814814814814,1.0,8,0.6666666666666667
0ffice,office,0.13333333333333333,1.0,8,0.8333333333333335
saana,sun,0.13333333333333333,1.0,8,0.5
8akery,bakery,0.17582417582417584,1.0,8,0.8333333333333335
h0using,housing,0.16326530612244897,1.0,8,0.8571428571428572
gyaalaksi,galaxy,0.13114754098360656,1.0,8,0.5333333333333333
mi1ler,miller,0.1568627450980392,1.0,8,0.8333333333333335
skaaya,sky,0.13793103448275862,1.0,8,0.6666666666666667
yunivarsal,universal,0.12403100775193798,1.0,8,0.8421052631578947
f0ot,foot,0.12121212121212122,1.0,8,0.75
environmenta1,environmental,0.12903225806451613,1.0,8,0.923076923076923
pr0ject,project,0.12962962962962962,1.0,7,0.8571428571428572
dog,legged,1.0,1.0,7,0.2222222222222222
c0mmunity,community,0.1308411214953271,1.0,7,0.8888888888888888
chakti,shakti,0.1346153846153846,1.0,7,0.8333333333333335
sebhena,seven,0.125,1.0,7,0.6666666666666667
nai1s,nails,0.22580645161290322,1.0,7,0.8
van,one,0.1206896551724138,0.7,7,0.33333333333333337
netw0rks,networks,0.12962962962962962,1.0,7,0.875
lndustrial,industrial,0.1320754716981132,1.0,7,0.9
sbastika,swastik,0.12280701754385964,1.0,7,0.8
pi1ates,pilates,0.2153846153846154,1.0,7,0.8571428571428572
5hop,shop,0.16091954022988506,1.0,7,0.75
gujaraatt,gujarat,0.12173913043478261,1.0,7,0.875
5traight,straight,0.25925925925925924,1.0,7,0.875
charitab1e,charitable,0.2153846153846154,1.0,7,0.9
tavem,tavern,0.175,1.0,7,0.7272727272727273
vidya1aya,vidyalaya,0.15384615384615385,1.0,6,0.8888888888888888
8angalore,bangalore,0.12121212121212122,1.0,6,0.8888888888888888
des,moines,1.0,1.0,6,0.4444444444444444
5hivam,shivam,0.13953488372093023,1.0,6,0.8333333333333335
leaming,learning,0.13186813186813187,1.0,6,0.8
ha1l,hall,0.2926829268292683,1.0,6,0.75
advis0ry,advisory,0.27906976744186046,1.0,6,0.875
lce,cream,0.16216216216216217,1.0,6,0.5
c0zy,cozy,0.25,1.0,6,0.75
c0rporate,corporate,0.21052631578947367,1.0,6,0.8888888888888888
upt0wn,uptown,0.18518518518518517,1.0,5,0.8333333333333335
6onzalez,gonzalez,0.12987012987012986,1.0,5,0.875
g0nzalez,gonzalez,0.12987012987012986,1.0,5,0.875
0verseas,overseas,0.3448275862068966,1.0,5,0.875
tumer,turner,0.35714285714285715,1.0,5,0.7272727272727273
5ecurities,securities,0.25,1.0,5,0.9
5cholarship,scholarship,0.20833333333333334,1.0,5,0.9090909090909091
8io,bio,0.3125,1.0,5,0.6666666666666667
l0wer,lower,0.1694915254237288,1.0,5,0.8
litt1e,little,0.12987012987012986,1.0,5,0.8333333333333335
carg0,cargo,0.14285714285714285,1.0,5,0.8
na,nova,0.19047619047619047,0.8,4,0.6666666666666667
d0wntown,downtown,0.16666666666666666,1.0,4,0.875
chape1,chapel,0.3333333333333333,1.0,4,0.8333333333333335
texti1es,textiles,0.21052631578947367,1.0,4,0.875
jacks0n,jackson,0.13333333333333333,1.0,4,0.8571428571428572
8ack,back,0.125,1.0,4,0.75
petr0leum,petroleum,0.25806451612903225,1.0,4,0.8888888888888888
va1dez,valdez,0.36363636363636365,1.0,4,0.8333333333333335
electr0nic,electronic,0.2,1.0,4,0.9
f0rge,forge,0.38095238095238093,1.0,4,0.8
h0tels,hotels,0.12903225806451613,1.0,4,0.8333333333333335
rh0des,rhodes,0.5333333333333333,1.0,4,0.8333333333333335
8oard,board,0.2,1.0,4,0.8
divisi0n,division,0.18181818181818182,1.0,4,0.875
c0oper,cooper,0.32,1.0,4,0.8333333333333335
b0ard,board,0.2,1.0,4,0.8
c0mmerce,commerce,0.20512820512820512,1.0,4,0.875
5pace,space,0.32,1.0,4,0.8
c0mmission,commission,0.1951219512195122,0.8,4,0.9
got,junk,1.0,1.0,4,0.0
stee1,steel,0.1702127659574468,1.0,4,0.8
c0mmunications,communications,0.15384615384615385,1.0,4,0.9285714285714286
veteran,veterans,0.12,1.0,3,0.9333333333333332
ram0s,ramos,0.2857142857142857,1.0,3,0.8
teamstersunionlocal,teamsters,0.5454545454545454,1.0,3,0.6428571428571428
wa1ker,walker,0.13953488372093023,1.0,3,0.8333333333333335
w0od,wood,0.24,1.0,3,0.75
24hrtowing,24hr,0.3157894736842105,1.0,3,0.5714285714285714
m0on,moon,0.4,1.0,3,0.75
hi1ls,hills,0.17647058823529413,1.0,3,0.8
8ridge,bridge,0.24,1.0,3,0.8333333333333335
5teers,steers,0.3157894736842105,1.0,3,0.8333333333333335
cu1tural,cultural,0.17647058823529413,1.0,3,0.875
5ingh,singh,0.3,1.0,3,0.8
mend0za,mendoza,0.1875,1.0,3,0.8571428571428572
8ryant,bryant,0.2727272727272727,1.0,3,0.8333333333333335
0bsidian,obsidian,0.3157894736842105,1.0,3,0.875
lifesty1e,lifestyle,0.21428571428571427,1.0,3,0.8888888888888888
madis0n,madison,0.15789473684210525,1.0,3,0.8571428571428572
b1vd,blvd,0.20689655172413793,1.0,3,0.75
hamilt0n,hamilton,0.17142857142857143,1.0,3,0.875
sa1on,salon,0.2857142857142857,1.0,3,0.8
gilkey,munger,1.0,1.0,3,0.33333333333333337
cozymassage,cozy,0.13333333333333333,1.0,3,0.5333333333333333
califomia,california,0.35294117647058826,1.0,3,0.8421052631578947
6race,grace,0.17142857142857143,1.0,3,0.8
washingt0n,washington,0.13043478260869565,1.0,3,0.9
downtownbakery,downtown,0.1276595744680851,1.0,3,0.7272727272727273
scho1arship,scholarship,0.13043478260869565,1.0,3,0.9090909090909091
falc0n,falcon,0.3157894736842105,1.0,3,0.8333333333333335
5chwab,schwab,0.3157894736842105,1.0,3,0.8333333333333335
p1ace,place,0.23076923076923078,1.0,3,0.8
5cott,scott,0.13953488372093023,1.0,3,0.8
lsrael,israel,0.14634146341463414,1.0,3,0.8333333333333335
zenlth,zenith,0.25,1.0,3,0.8333333333333335
wor1d,world,0.21428571428571427,1.0,3,0.8
h0vnanian,hovnanian,0.2727272727272727,1.0,3,0.8888888888888888
8everages,beverages,0.2,1.0,3,0.8888888888888888
5tandard,standard,0.16666666666666666,1.0,3,0.875
m0rales,morales,0.25,1.0,3,0.8571428571428572
straightedge,straight,0.12,1.0,3,0.8
0xford,oxford,0.3157894736842105,1.0,3,0.8333333333333335
cath0lic,catholic,0.2727272727272727,1.0,3,0.875
8urke,burke,0.3157894736842105,1.0,3,0.8
6en,gen,0.2222222222222222,1.0,3,0.6666666666666667
p1aza,plaza,0.23076923076923078,1.0,3,0.8
cosmetic,cosmetics,0.1935483870967742,1.0,3,0.9411764705882352
lnteriors,interiors,0.20689655172413793,1.0,3,0.8888888888888888
ass0ciated,associated,0.18181818181818182,1.0,3,0.9
5pecialty,specialty,0.2857142857142857,1.0,3,0.8888888888888888
r0gers,rogers,0.15384615384615385,1.0,3,0.8333333333333335
mcdanie1,mcdaniel,0.5,1.0,3,0.875
acc0unting,accounting,0.2727272727272727,1.0,3,0.9
e1ectric,electric,0.12,1.0,3,0.875
8ureau,bureau,0.14285714285714285,1.0,3,0.8333333333333335
5cientific,scientific,0.4,1.0,3,0.9
jy0ti,jyoti,0.46153846153846156,1.0,3,0.8
0il,oil,0.21428571428571427,1.0,3,0.6666666666666667
8eth,beth,0.16216216216216217,1.0,3,0.75
aer0space,aerospace,0.13333333333333333,1.0,3,0.8888888888888888
lntermediate,intermediate,0.24,1.0,3,0.9166666666666665
fusi0n,fusion,0.25,1.0,3,0.8333333333333335
