group,feature,count,mean,p10,median,p90
positive_generated,name_tsr,62683,0.8618802753711456,0.6341463327407837,0.9130434393882751,1.0
positive_generated,name_jac,62683,0.6796602940764018,0.0,0.6666666865348816,1.0
positive_generated,addr_tsr,62683,0.8323782689582592,0.6279069781303406,0.8928571343421936,1.0
positive_generated,addr_jac,62683,0.6217627218534405,0.27272728085517883,0.6666666865348816,1.0
positive_generated,num_jac,62683,0.7302410171493058,0.0,1.0,1.0
positive_generated,num_conflict,62683,0.06406840770224782,0.0,0.0,0.0
positive_generated,name_x_addr,62683,0.7134833272055098,0.42438268661499023,0.7684279084205627,0.9375
positive_generated,addr_missing,62683,0.03784120096357864,0.0,0.0,0.0
positive_generated,score,62683,0.9191975538363648,0.7578274011611938,0.9962107539176941,0.9996324181556702
hard_negative_score_above_0.1,name_tsr,13610,0.8072235263585715,0.4680851101875305,0.882352888584137,1.0
hard_negative_score_above_0.1,name_jac,13610,0.6229943878581907,0.0,0.6666666865348816,1.0
hard_negative_score_above_0.1,addr_tsr,13610,0.4455188554012977,0.0,0.5423728823661804,0.9444444179534912
hard_negative_score_above_0.1,addr_jac,13610,0.28847127949667056,0.0,0.20000000298023224,0.7777777910232544
hard_negative_score_above_0.1,num_jac,13610,0.21226925363464447,0.0,0.0,1.0
hard_negative_score_above_0.1,num_conflict,13610,0.17700220426157237,0.0,0.0,1.0
hard_negative_score_above_0.1,name_x_addr,13610,0.30604601807229925,0.0,0.23110303282737732,0.7582273483276367
hard_negative_score_above_0.1,addr_missing,13610,0.44570168993387216,0.0,0.0,1.0
hard_negative_score_above_0.1,score,13610,0.26501757517391317,0.11008413136005402,0.17157013714313507,0.5761467814445496
false_positive,name_tsr,1156,0.7465955734665418,0.4000000059604645,0.8081015348434448,1.0
false_positive,name_jac,1156,0.4724607424404485,0.0,0.5,1.0
false_positive,addr_tsr,1156,0.7514322771590887,0.40816324949264526,0.8508192896842957,0.990384578704834
false_positive,addr_jac,1156,0.5310299698147394,0.125,0.5454545617103577,1.0
false_positive,num_jac,1156,0.5212370258946114,0.0,0.5,1.0
false_positive,num_conflict,1156,0.13494809688581316,0.0,0.0,1.0
false_positive,name_x_addr,1156,0.5401077574460564,0.1621621698141098,0.5683714747428894,0.8363636136054993
false_positive,addr_missing,1156,0.07093425605536333,0.0,0.0,0.0
false_positive,score,1156,0.813976800720172,0.6546157598495483,0.8083256483078003,0.978155255317688
rejected_positive,name_tsr,5280,0.7735411610306155,0.37735846638679504,0.8571428656578064,1.0
rejected_positive,name_jac,5280,0.5727126029037842,0.0,0.6000000238418579,1.0
rejected_positive,addr_tsr,5280,0.47315056213234186,0.0,0.5757575631141663,0.9452736377716064
rejected_positive,addr_jac,5280,0.2983026197518815,0.0,0.2222222238779068,0.7692307829856873
rejected_positive,num_jac,5280,0.21886769612743096,0.0,0.0,1.0
rejected_positive,num_conflict,5280,0.22026515151515152,0.0,0.0,1.0
rejected_positive,name_x_addr,5280,0.3121404252805267,0.0,0.28765273094177246,0.7492682933807373
rejected_positive,addr_missing,5280,0.39602272727272725,0.0,0.0,1.0
rejected_positive,score,5280,0.25479725891183985,0.04533921927213669,0.21309125423431396,0.5282809138298035
