experiment_id,change,validation_f05,validation_precision,validation_recall,singleton_accuracy,candidate_recall,leaderboard_score,runtime,kept,reason,threshold
ASTRA_LOCAL_BASELINE,Protected local model replay; external benchmark 99.08 belongs to another team,0.918449400834203,0.9598359142246642,0.8351428968253968,0.9384478144513827,0.9070689530424716,,116.05764889717102,NO,dev diagnostic only; negligible gain or regression; no promotion,0.62
GLOBAL_0.3,global threshold,0.9028010110572527,0.9313082215007215,0.8554924801587301,0.8171275646743978,0.9070689530424716,,116.08992004394531,NO,dev diagnostic only; negligible gain or regression; no promotion,0.3
GLOBAL_0.35,global threshold,0.9080077363259994,0.9387297907647909,0.8532408134920635,0.847457627118644,0.9070689530424716,,116.11441373825073,NO,dev diagnostic only; negligible gain or regression; no promotion,0.35
GLOBAL_0.4,global threshold,0.91171129885235,0.9449091070041071,0.8494685515873014,0.8706512042818911,0.9070689530424716,,116.14039301872253,NO,dev diagnostic only; negligible gain or regression; no promotion,0.4
GLOBAL_0.45,global threshold,0.914286624839164,0.9495074313186813,0.8464740674603174,0.8858162355040142,0.9070689530424716,,116.16181683540344,NO,dev diagnostic only; negligible gain or regression; no promotion,0.45
GLOBAL_0.5,global threshold,0.9164170302303705,0.9535878209290709,0.8434189285714285,0.903657448706512,0.9070689530424716,,116.1847460269928,NO,dev diagnostic only; negligible gain or regression; no promotion,0.5
GLOBAL_0.55,global threshold,0.9169475847072442,0.956139953102453,0.8390331944444445,0.9143621766280107,0.9070689530424716,,116.2069959640503,NO,dev diagnostic only; negligible gain or regression; no promotion,0.55
GLOBAL_0.6,global threshold,0.9182909954957206,0.9590134719447219,0.8366043849206349,0.9322033898305084,0.9070689530424716,,116.23097491264343,NO,dev diagnostic only; negligible gain or regression; no promotion,0.6
GLOBAL_0.65,global threshold,0.9182967704781677,0.9607754578754578,0.8327299801587302,0.944692239072257,0.9070689530424716,,116.2578649520874,NO,dev diagnostic only; negligible gain or regression; no promotion,0.65
GLOBAL_0.7,global threshold,0.9179450953580476,0.9619101007326007,0.8290861111111111,0.951828724353256,0.9070689530424716,,116.28357195854187,NO,dev diagnostic only; negligible gain or regression; no promotion,0.7
GLOBAL_0.75,global threshold,0.9166372191129307,0.9625193650793652,0.8238066071428571,0.9562890276538805,0.9070689530424716,,116.30210590362549,NO,dev diagnostic only; negligible gain or regression; no promotion,0.75
GLOBAL_0.8,global threshold,0.9152213622762978,0.9633369841269843,0.8176796825396826,0.9643175735950045,0.9070689530424716,,116.31818985939026,NO,dev diagnostic only; negligible gain or regression; no promotion,0.8
GLOBAL_0.85,global threshold,0.9118196926352679,0.9633549603174604,0.8078866666666666,0.9732381801962533,0.9070689530424716,,116.33783888816833,NO,dev diagnostic only; negligible gain or regression; no promotion,0.85
GLOBAL_0.9,global threshold,0.9066118232557683,0.9619638095238096,0.7960682936507937,0.9794826048171276,0.9070689530424716,,116.35518074035645,NO,dev diagnostic only; negligible gain or regression; no promotion,0.9
GLOBAL_0.95,global threshold,0.8913956082326273,0.9545948809523809,0.7679879365079365,0.9884032114183765,0.9070689530424716,,116.3776547908783,NO,dev diagnostic only; negligible gain or regression; no promotion,0.95
TOP1_0.5,top1 diagnostic,0.6721754856254857,0.97215,0.3571893452380952,0.903657448706512,0.9070689530424716,,116.78771996498108,NO,dev diagnostic only; negligible gain or regression; no promotion,0.5
MARGIN_0.5_0.01,top1 plus score margin,0.25940512820512823,0.32065,0.17866742063492064,0.903657448706512,0.9070689530424716,,116.81351399421692,NO,dev diagnostic only; negligible gain or regression; no promotion,0.5
MARGIN_0.5_0.05,top1 plus score margin,0.18427316294816296,0.21415,0.14183222222222222,0.9072256913470116,0.9070689530424716,,116.82878684997559,NO,dev diagnostic only; negligible gain or regression; no promotion,0.5
MARGIN_0.5_0.1,top1 plus score margin,0.17193746392496392,0.19705,0.135615,0.9090098126672613,0.9070689530424716,,116.84482002258301,NO,dev diagnostic only; negligible gain or regression; no promotion,0.5
RELATIVE_0.5_0.7,multi-match relative floor,0.9179438706441606,0.9620376007326007,0.8288802777777777,0.903657448706512,0.9070689530424716,,116.87222790718079,NO,dev diagnostic only; negligible gain or regression; no promotion,0.5
RELATIVE_0.5_0.9,multi-match relative floor,0.911966945566683,0.9684304761904761,0.7996138888888888,0.903657448706512,0.9070689530424716,,116.90146493911743,NO,dev diagnostic only; negligible gain or regression; no promotion,0.5
RELATIVE_0.5_0.95,multi-match relative floor,0.9047886536321704,0.9698873809523809,0.7780738293650793,0.903657448706512,0.9070689530424716,,116.9312059879303,NO,dev diagnostic only; negligible gain or regression; no promotion,0.5
TOP1_0.62,top1 diagnostic,0.6726817356254856,0.9724,0.3580851785714286,0.9384478144513827,0.9070689530424716,,116.95172786712646,NO,dev diagnostic only; negligible gain or regression; no promotion,0.62
MARGIN_0.62_0.01,top1 plus score margin,0.2599842948717949,0.321,0.17960075396825395,0.9384478144513827,0.9070689530424716,,116.96764707565308,NO,dev diagnostic only; negligible gain or regression; no promotion,0.62
MARGIN_0.62_0.05,top1 plus score margin,0.18487137723387723,0.21455,0.1427322222222222,0.9402319357716324,0.9070689530424716,,116.98349905014038,NO,dev diagnostic only; negligible gain or regression; no promotion,0.62
MARGIN_0.62_0.1,top1 plus score margin,0.1725773448773449,0.1975,0.13654000000000002,0.9420160570918823,0.9070689530424716,,117.00030088424683,NO,dev diagnostic only; negligible gain or regression; no promotion,0.62
RELATIVE_0.62_0.7,multi-match relative floor,0.9183179056369456,0.9623042673992673,0.8294219444444443,0.9384478144513827,0.9070689530424716,,117.03775906562805,NO,dev diagnostic only; negligible gain or regression; no promotion,0.62
RELATIVE_0.62_0.9,multi-match relative floor,0.9124442182939558,0.9686971428571429,0.8004097222222223,0.9384478144513827,0.9070689530424716,,117.09097504615784,NO,dev diagnostic only; negligible gain or regression; no promotion,0.62
RELATIVE_0.62_0.95,multi-match relative floor,0.9052678202988369,0.970137380952381,0.7789071626984126,0.9384478144513827,0.9070689530424716,,117.12082290649414,NO,dev diagnostic only; negligible gain or regression; no promotion,0.62
TOP1_0.75,top1 diagnostic,0.6717009816572316,0.9709,0.3578418452380952,0.9562890276538805,0.9070689530424716,,117.13952803611755,NO,dev diagnostic only; negligible gain or regression; no promotion,0.75
MARGIN_0.75_0.01,top1 plus score margin,0.2590392551892552,0.31955,0.17937408730158733,0.9562890276538805,0.9070689530424716,,117.15619993209839,NO,dev diagnostic only; negligible gain or regression; no promotion,0.75
MARGIN_0.75_0.05,top1 plus score margin,0.18395371850371853,0.21315,0.14249722222222222,0.9571810883140054,0.9070689530424716,,117.17312788963318,NO,dev diagnostic only; negligible gain or regression; no promotion,0.75
MARGIN_0.75_0.1,top1 plus score margin,0.17170889249639248,0.1962,0.1362983333333333,0.9580731489741302,0.9070689530424716,,117.18981695175171,NO,dev diagnostic only; negligible gain or regression; no promotion,0.75
RELATIVE_0.75_0.7,multi-match relative floor,0.9166372191129307,0.9625193650793652,0.8238066071428571,0.9562890276538805,0.9070689530424716,,117.22363185882568,NO,dev diagnostic only; negligible gain or regression; no promotion,0.75
RELATIVE_0.75_0.9,multi-match relative floor,0.9114005741317455,0.9671971428571429,0.8000505555555556,0.9562890276538805,0.9070689530424716,,117.26064801216125,NO,dev diagnostic only; negligible gain or regression; no promotion,0.75
RELATIVE_0.75_0.95,multi-match relative floor,0.904249512218029,0.9686373809523809,0.7785888293650793,0.9562890276538805,0.9070689530424716,,117.29416489601135,NO,dev diagnostic only; negligible gain or regression; no promotion,0.75
TOP1_0.9,top1 diagnostic,0.6675976988289488,0.9655,0.3555730357142857,0.9794826048171276,0.9070689530424716,,117.32034802436829,NO,dev diagnostic only; negligible gain or regression; no promotion,0.9
MARGIN_0.9_0.01,top1 plus score margin,0.2552094842657343,0.31455,0.17723444444444444,0.9794826048171276,0.9070689530424716,,117.337651014328,NO,dev diagnostic only; negligible gain or regression; no promotion,0.9
MARGIN_0.9_0.05,top1 plus score margin,0.18039537615162618,0.2085,0.14049091269841268,0.9794826048171276,0.9070689530424716,,117.35568594932556,NO,dev diagnostic only; negligible gain or regression; no promotion,0.9
MARGIN_0.9_0.1,top1 plus score margin,0.16832822871572872,0.1918,0.13436285714285714,0.9794826048171276,0.9070689530424716,,117.37351298332214,NO,dev diagnostic only; negligible gain or regression; no promotion,0.9
RELATIVE_0.9_0.7,multi-match relative floor,0.9066118232557683,0.9619638095238096,0.7960682936507937,0.9794826048171276,0.9070689530424716,,117.43035387992859,NO,dev diagnostic only; negligible gain or regression; no promotion,0.9
RELATIVE_0.9_0.9,multi-match relative floor,0.9066118232557683,0.9619638095238096,0.7960682936507937,0.9794826048171276,0.9070689530424716,,117.50031900405884,NO,dev diagnostic only; negligible gain or regression; no promotion,0.9
RELATIVE_0.9_0.95,multi-match relative floor,0.8999045006732013,0.9632123809523809,0.7758483531746031,0.9794826048171276,0.9070689530424716,,117.57052397727966,NO,dev diagnostic only; negligible gain or regression; no promotion,0.9
SOURCE_0.5_0.5,"source-specific thresholds S2=0.5, S3=0.5",0.9164170302303705,0.9535878209290709,0.8434189285714285,0.903657448706512,0.9070689530424716,,117.70144486427307,NO,dev diagnostic only; negligible gain or regression; no promotion,0.0
SOURCE_0.5_0.62,"source-specific thresholds S2=0.5, S3=0.62",0.9174525975641383,0.9569586252636253,0.8386440674603175,0.9214986619090099,0.9070689530424716,,117.74936890602112,NO,dev diagnostic only; negligible gain or regression; no promotion,0.0
SOURCE_0.5_0.75,"source-specific thresholds S2=0.5, S3=0.75",0.9163264897291965,0.9584688888888888,0.8319036111111112,0.927743086529884,0.9070689530424716,,117.79858589172363,NO,dev diagnostic only; negligible gain or regression; no promotion,0.0
SOURCE_0.62_0.5,"source-specific thresholds S2=0.62, S3=0.5",0.917336777276094,0.9563082249694748,0.8398677579365078,0.91971454058876,0.9070689530424716,,118.0287697315216,NO,dev diagnostic only; negligible gain or regression; no promotion,0.0
SOURCE_0.62_0.62,"source-specific thresholds S2=0.62, S3=0.62",0.918449400834203,0.9598359142246642,0.8351428968253968,0.9384478144513827,0.9070689530424716,,118.164479970932,NO,dev diagnostic only; negligible gain or regression; no promotion,0.0
SOURCE_0.62_0.75,"source-specific thresholds S2=0.62, S3=0.75",0.9172877110239674,0.9613104960317461,0.8284524404761905,0.9455842997323818,0.9070689530424716,,118.26885890960693,NO,dev diagnostic only; negligible gain or regression; no promotion,0.0
SOURCE_0.75_0.5,"source-specific thresholds S2=0.75, S3=0.5",0.916787862190789,0.9575832341269841,0.8351719246031746,0.9295272078501338,0.9070689530424716,,118.34659481048584,NO,dev diagnostic only; negligible gain or regression; no promotion,0.0
SOURCE_0.75_0.62,"source-specific thresholds S2=0.75, S3=0.62",0.9178549941339438,0.9610890888278389,0.8304470634920635,0.9482604817127565,0.9070689530424716,,118.39278292655945,NO,dev diagnostic only; negligible gain or regression; no promotion,0.0
SOURCE_0.75_0.75,"source-specific thresholds S2=0.75, S3=0.75",0.9166372191129307,0.9625193650793652,0.8238066071428571,0.9562890276538805,0.9070689530424716,,118.44984889030457,NO,dev diagnostic only; negligible gain or regression; no promotion,0.0
CONTRADICTION_0.3,reject numeric-conflict/weak-address candidates,0.918449400834203,0.9598359142246642,0.8351428968253968,0.9384478144513827,0.9070689530424716,,118.79233002662659,NO,dev diagnostic only; negligible gain or regression; no promotion,0.62
CONTRADICTION_0.5,reject numeric-conflict/weak-address candidates,0.9184718589399563,0.9599209142246642,0.8350628968253968,0.9384478144513827,0.9070689530424716,,118.90000009536743,NO,dev diagnostic only; negligible gain or regression; no promotion,0.62
CONTRADICTION_0.7,reject numeric-conflict/weak-address candidates,0.9179379790539264,0.9601224023199023,0.8332780158730159,0.9402319357716324,0.9070689530424716,,118.97695589065552,NO,dev diagnostic only; negligible gain or regression; no promotion,0.62
