artifact,variant,extra_blocks,cap,n_s1,candidates,candidate_recall,avg_candidates,max_candidates,oracle_macro_f05,runtime,oracle_f05,k,retrieval_recall,union_recall,union_pairs,keep_per_field,covered_records,union_candidates,retrieval_runtime
experiments/astra_engine/blocking_ablation.csv,0,false,200,20000,2428761,0.9070689530424716,121.43805,638,0.9630358391310485,10.95592188835144,,,,,,,,,
experiments/astra_engine/blocking_ablation.csv,1,true,200,20000,2625222,0.9355618262064973,131.2611,667,0.9767719763494744,4.400641918182373,,,,,,,,,
experiments/astra_engine/blocking_ablation.csv,2,true,400,20000,5154149,0.9512336299833587,257.70745,1423,0.9827856717313189,1.4028899669647217,,,,,,,,,
experiments/astra_engine/blocking_ablation.csv,3,true,800,20000,10161584,0.9625931553433181,508.0792,2516,0.9870082778925277,2.083521842956543,,,,,,,,,
experiments/astra_engine/blocking_ablation.csv,4,true,1600,20000,23606064,0.9747775124810072,1180.3032,5889,0.9911202711848753,2.883903980255127,,,,,,,,,
experiments/astra_engine/joint_ablation.csv,0,,200,,4083236,0.9830258302583026,,,,9.27832818031311,0.9944124268295567,,,,,,,,
experiments/astra_engine/joint_ablation.csv,1,,400,,6501706,0.9850806743361551,,,,1.228971004486084,0.9950172514066417,,,,,,,,
experiments/astra_engine/joint_ablation.csv,2,,800,,11424471,0.9866145720280732,,,,2.0009641647338867,0.9955221169025784,,,,,,,,
experiments/astra_engine/joint_ablation.csv,3,,1600,,24665512,0.9884234136459011,,,,3.5749902725219727,0.9961898753042197,,,,,,,,
experiments/astra_004/dev_2000_ablation.csv,0,,,2000,,,,,,96.32211089134216,,5,0.855246067253572,0.9580025977774571,244383,,,,
experiments/astra_004/dev_2000_ablation.csv,1,,,2000,,,,,,96.33819699287415,,10,0.9347669216337133,0.9705585221532689,250113,,,,
experiments/astra_004/dev_2000_ablation.csv,2,,,2000,,,,,,96.35601830482483,,20,0.9470342040698514,0.9741665463991918,263756,,,,
experiments/astra_004/dev_2000_ablation.csv,3,,,2000,,,,,,96.37907910346985,,50,0.9562707461394141,0.9769086448260932,310390,,,,
experiments/astra_004/dev_2000_ablation.csv,4,,,2000,,,,,,96.40432214736938,,100,0.9637754365709338,0.979217780343484,394075,,,,
experiments/astra_008/keep8_ablation.csv,0,,,2000,,,,,,,,10,0.6425169577139558,0.9771972867657671,,8,10320219,317100,3.9679088592529297
experiments/astra_008/keep8_ablation.csv,1,,,2000,,,,,,,,20,0.6758551017462837,0.9771972867657671,,8,10320219,330808,3.9882450103759766
experiments/astra_008/keep8_ablation.csv,2,,,2000,,,,,,,,50,0.7181411459085005,0.9776302496752778,,8,10320219,380000,4.006991863250732
experiments/astra_008/keep8_ablation.csv,3,,,2000,,,,,,,,100,0.7527781786693607,0.9787848174339732,,8,10320219,467935,4.039452791213989
