experiment_id,change,validation_f05,precision,recall,singleton_accuracy,candidate_recall,runtime,decision,reason,evaluation_set,n_entities,threshold
ASTRA_LOCAL_BASELINE,Protected local model replay; external benchmark 99.08 belongs to another team,0.918449400834203,0.9598359142246642,0.8351428968253968,0.9384478144513827,0.9070689530424716,116.05764889717102,NO,dev diagnostic only; negligible gain or regression; no promotion,development_20000,,0.62
GLOBAL_0.3,global threshold,0.9028010110572527,0.9313082215007215,0.8554924801587301,0.8171275646743978,0.9070689530424716,116.08992004394531,NO,dev diagnostic only; negligible gain or regression; no promotion,development_20000,,0.3
GLOBAL_0.35,global threshold,0.9080077363259994,0.9387297907647909,0.8532408134920635,0.847457627118644,0.9070689530424716,116.11441373825073,NO,dev diagnostic only; negligible gain or regression; no promotion,development_20000,,0.35
GLOBAL_0.4,global threshold,0.91171129885235,0.9449091070041071,0.8494685515873014,0.8706512042818911,0.9070689530424716,116.14039301872253,NO,dev diagnostic only; negligible gain or regression; no promotion,development_20000,,0.4
GLOBAL_0.45,global threshold,0.914286624839164,0.9495074313186813,0.8464740674603174,0.8858162355040142,0.9070689530424716,116.16181683540344,NO,dev diagnostic only; negligible gain or regression; no promotion,development_20000,,0.45
GLOBAL_0.5,global threshold,0.9164170302303705,0.9535878209290709,0.8434189285714285,0.903657448706512,0.9070689530424716,116.1847460269928,NO,dev diagnostic only; negligible gain or regression; no promotion,development_20000,,0.5
GLOBAL_0.55,global threshold,0.9169475847072442,0.956139953102453,0.8390331944444445,0.9143621766280107,0.9070689530424716,116.2069959640503,NO,dev diagnostic only; negligible gain or regression; no promotion,development_20000,,0.55
GLOBAL_0.6,global threshold,0.9182909954957206,0.9590134719447219,0.8366043849206349,0.9322033898305084,0.9070689530424716,116.23097491264343,NO,dev diagnostic only; negligible gain or regression; no promotion,development_20000,,0.6
GLOBAL_0.65,global threshold,0.9182967704781677,0.9607754578754578,0.8327299801587302,0.944692239072257,0.9070689530424716,116.2578649520874,NO,dev diagnostic only; negligible gain or regression; no promotion,development_20000,,0.65
GLOBAL_0.7,global threshold,0.9179450953580476,0.9619101007326007,0.8290861111111111,0.951828724353256,0.9070689530424716,116.28357195854187,NO,dev diagnostic only; negligible gain or regression; no promotion,development_20000,,0.7
GLOBAL_0.75,global threshold,0.9166372191129307,0.9625193650793652,0.8238066071428571,0.9562890276538805,0.9070689530424716,116.30210590362549,NO,dev diagnostic only; negligible gain or regression; no promotion,development_20000,,0.75
GLOBAL_0.8,global threshold,0.9152213622762978,0.9633369841269843,0.8176796825396826,0.9643175735950045,0.9070689530424716,116.31818985939026,NO,dev diagnostic only; negligible gain or regression; no promotion,development_20000,,0.8
GLOBAL_0.85,global threshold,0.9118196926352679,0.9633549603174604,0.8078866666666666,0.9732381801962533,0.9070689530424716,116.33783888816833,NO,dev diagnostic only; negligible gain or regression; no promotion,development_20000,,0.85
GLOBAL_0.9,global threshold,0.9066118232557683,0.9619638095238096,0.7960682936507937,0.9794826048171276,0.9070689530424716,116.35518074035645,NO,dev diagnostic only; negligible gain or regression; no promotion,development_20000,,0.9
GLOBAL_0.95,global threshold,0.8913956082326273,0.9545948809523809,0.7679879365079365,0.9884032114183765,0.9070689530424716,116.3776547908783,NO,dev diagnostic only; negligible gain or regression; no promotion,development_20000,,0.95
TOP1_0.5,top1 diagnostic,0.6721754856254857,0.97215,0.3571893452380952,0.903657448706512,0.9070689530424716,116.78771996498108,NO,dev diagnostic only; negligible gain or regression; no promotion,development_20000,,0.5
MARGIN_0.5_0.01,top1 plus score margin,0.25940512820512823,0.32065,0.17866742063492064,0.903657448706512,0.9070689530424716,116.81351399421692,NO,dev diagnostic only; negligible gain or regression; no promotion,development_20000,,0.5
MARGIN_0.5_0.05,top1 plus score margin,0.18427316294816296,0.21415,0.14183222222222222,0.9072256913470116,0.9070689530424716,116.82878684997559,NO,dev diagnostic only; negligible gain or regression; no promotion,development_20000,,0.5
MARGIN_0.5_0.1,top1 plus score margin,0.17193746392496392,0.19705,0.135615,0.9090098126672613,0.9070689530424716,116.84482002258301,NO,dev diagnostic only; negligible gain or regression; no promotion,development_20000,,0.5
RELATIVE_0.5_0.7,multi-match relative floor,0.9179438706441606,0.9620376007326007,0.8288802777777777,0.903657448706512,0.9070689530424716,116.87222790718079,NO,dev diagnostic only; negligible gain or regression; no promotion,development_20000,,0.5
RELATIVE_0.5_0.9,multi-match relative floor,0.911966945566683,0.9684304761904761,0.7996138888888888,0.903657448706512,0.9070689530424716,116.90146493911743,NO,dev diagnostic only; negligible gain or regression; no promotion,development_20000,,0.5
RELATIVE_0.5_0.95,multi-match relative floor,0.9047886536321704,0.9698873809523809,0.7780738293650793,0.903657448706512,0.9070689530424716,116.9312059879303,NO,dev diagnostic only; negligible gain or regression; no promotion,development_20000,,0.5
TOP1_0.62,top1 diagnostic,0.6726817356254856,0.9724,0.3580851785714286,0.9384478144513827,0.9070689530424716,116.95172786712646,NO,dev diagnostic only; negligible gain or regression; no promotion,development_20000,,0.62
MARGIN_0.62_0.01,top1 plus score margin,0.2599842948717949,0.321,0.17960075396825395,0.9384478144513827,0.9070689530424716,116.96764707565308,NO,dev diagnostic only; negligible gain or regression; no promotion,development_20000,,0.62
MARGIN_0.62_0.05,top1 plus score margin,0.18487137723387723,0.21455,0.1427322222222222,0.9402319357716324,0.9070689530424716,116.98349905014038,NO,dev diagnostic only; negligible gain or regression; no promotion,development_20000,,0.62
MARGIN_0.62_0.1,top1 plus score margin,0.1725773448773449,0.1975,0.13654000000000002,0.9420160570918823,0.9070689530424716,117.00030088424683,NO,dev diagnostic only; negligible gain or regression; no promotion,development_20000,,0.62
RELATIVE_0.62_0.7,multi-match relative floor,0.9183179056369456,0.9623042673992673,0.8294219444444443,0.9384478144513827,0.9070689530424716,117.03775906562805,NO,dev diagnostic only; negligible gain or regression; no promotion,development_20000,,0.62
RELATIVE_0.62_0.9,multi-match relative floor,0.9124442182939558,0.9686971428571429,0.8004097222222223,0.9384478144513827,0.9070689530424716,117.09097504615784,NO,dev diagnostic only; negligible gain or regression; no promotion,development_20000,,0.62
RELATIVE_0.62_0.95,multi-match relative floor,0.9052678202988369,0.970137380952381,0.7789071626984126,0.9384478144513827,0.9070689530424716,117.12082290649414,NO,dev diagnostic only; negligible gain or regression; no promotion,development_20000,,0.62
TOP1_0.75,top1 diagnostic,0.6717009816572316,0.9709,0.3578418452380952,0.9562890276538805,0.9070689530424716,117.13952803611755,NO,dev diagnostic only; negligible gain or regression; no promotion,development_20000,,0.75
MARGIN_0.75_0.01,top1 plus score margin,0.2590392551892552,0.31955,0.17937408730158733,0.9562890276538805,0.9070689530424716,117.15619993209839,NO,dev diagnostic only; negligible gain or regression; no promotion,development_20000,,0.75
MARGIN_0.75_0.05,top1 plus score margin,0.18395371850371853,0.21315,0.14249722222222222,0.9571810883140054,0.9070689530424716,117.17312788963318,NO,dev diagnostic only; negligible gain or regression; no promotion,development_20000,,0.75
MARGIN_0.75_0.1,top1 plus score margin,0.17170889249639248,0.1962,0.1362983333333333,0.9580731489741302,0.9070689530424716,117.18981695175171,NO,dev diagnostic only; negligible gain or regression; no promotion,development_20000,,0.75
RELATIVE_0.75_0.7,multi-match relative floor,0.9166372191129307,0.9625193650793652,0.8238066071428571,0.9562890276538805,0.9070689530424716,117.22363185882568,NO,dev diagnostic only; negligible gain or regression; no promotion,development_20000,,0.75
RELATIVE_0.75_0.9,multi-match relative floor,0.9114005741317455,0.9671971428571429,0.8000505555555556,0.9562890276538805,0.9070689530424716,117.26064801216125,NO,dev diagnostic only; negligible gain or regression; no promotion,development_20000,,0.75
RELATIVE_0.75_0.95,multi-match relative floor,0.904249512218029,0.9686373809523809,0.7785888293650793,0.9562890276538805,0.9070689530424716,117.29416489601135,NO,dev diagnostic only; negligible gain or regression; no promotion,development_20000,,0.75
TOP1_0.9,top1 diagnostic,0.6675976988289488,0.9655,0.3555730357142857,0.9794826048171276,0.9070689530424716,117.32034802436829,NO,dev diagnostic only; negligible gain or regression; no promotion,development_20000,,0.9
MARGIN_0.9_0.01,top1 plus score margin,0.2552094842657343,0.31455,0.17723444444444444,0.9794826048171276,0.9070689530424716,117.337651014328,NO,dev diagnostic only; negligible gain or regression; no promotion,development_20000,,0.9
MARGIN_0.9_0.05,top1 plus score margin,0.18039537615162618,0.2085,0.14049091269841268,0.9794826048171276,0.9070689530424716,117.35568594932556,NO,dev diagnostic only; negligible gain or regression; no promotion,development_20000,,0.9
MARGIN_0.9_0.1,top1 plus score margin,0.16832822871572872,0.1918,0.13436285714285714,0.9794826048171276,0.9070689530424716,117.37351298332214,NO,dev diagnostic only; negligible gain or regression; no promotion,development_20000,,0.9
RELATIVE_0.9_0.7,multi-match relative floor,0.9066118232557683,0.9619638095238096,0.7960682936507937,0.9794826048171276,0.9070689530424716,117.43035387992859,NO,dev diagnostic only; negligible gain or regression; no promotion,development_20000,,0.9
RELATIVE_0.9_0.9,multi-match relative floor,0.9066118232557683,0.9619638095238096,0.7960682936507937,0.9794826048171276,0.9070689530424716,117.50031900405884,NO,dev diagnostic only; negligible gain or regression; no promotion,development_20000,,0.9
RELATIVE_0.9_0.95,multi-match relative floor,0.8999045006732013,0.9632123809523809,0.7758483531746031,0.9794826048171276,0.9070689530424716,117.57052397727966,NO,dev diagnostic only; negligible gain or regression; no promotion,development_20000,,0.9
SOURCE_0.5_0.5,"source-specific thresholds S2=0.5, S3=0.5",0.9164170302303705,0.9535878209290709,0.8434189285714285,0.903657448706512,0.9070689530424716,117.70144486427307,NO,dev diagnostic only; negligible gain or regression; no promotion,development_20000,,0.0
SOURCE_0.5_0.62,"source-specific thresholds S2=0.5, S3=0.62",0.9174525975641383,0.9569586252636253,0.8386440674603175,0.9214986619090099,0.9070689530424716,117.74936890602112,NO,dev diagnostic only; negligible gain or regression; no promotion,development_20000,,0.0
SOURCE_0.5_0.75,"source-specific thresholds S2=0.5, S3=0.75",0.9163264897291965,0.9584688888888888,0.8319036111111112,0.927743086529884,0.9070689530424716,117.79858589172363,NO,dev diagnostic only; negligible gain or regression; no promotion,development_20000,,0.0
SOURCE_0.62_0.5,"source-specific thresholds S2=0.62, S3=0.5",0.917336777276094,0.9563082249694748,0.8398677579365078,0.91971454058876,0.9070689530424716,118.0287697315216,NO,dev diagnostic only; negligible gain or regression; no promotion,development_20000,,0.0
SOURCE_0.62_0.62,"source-specific thresholds S2=0.62, S3=0.62",0.918449400834203,0.9598359142246642,0.8351428968253968,0.9384478144513827,0.9070689530424716,118.164479970932,NO,dev diagnostic only; negligible gain or regression; no promotion,development_20000,,0.0
SOURCE_0.62_0.75,"source-specific thresholds S2=0.62, S3=0.75",0.9172877110239674,0.9613104960317461,0.8284524404761905,0.9455842997323818,0.9070689530424716,118.26885890960693,NO,dev diagnostic only; negligible gain or regression; no promotion,development_20000,,0.0
SOURCE_0.75_0.5,"source-specific thresholds S2=0.75, S3=0.5",0.916787862190789,0.9575832341269841,0.8351719246031746,0.9295272078501338,0.9070689530424716,118.34659481048584,NO,dev diagnostic only; negligible gain or regression; no promotion,development_20000,,0.0
SOURCE_0.75_0.62,"source-specific thresholds S2=0.75, S3=0.62",0.9178549941339438,0.9610890888278389,0.8304470634920635,0.9482604817127565,0.9070689530424716,118.39278292655945,NO,dev diagnostic only; negligible gain or regression; no promotion,development_20000,,0.0
SOURCE_0.75_0.75,"source-specific thresholds S2=0.75, S3=0.75",0.9166372191129307,0.9625193650793652,0.8238066071428571,0.9562890276538805,0.9070689530424716,118.44984889030457,NO,dev diagnostic only; negligible gain or regression; no promotion,development_20000,,0.0
CONTRADICTION_0.3,reject numeric-conflict/weak-address candidates,0.918449400834203,0.9598359142246642,0.8351428968253968,0.9384478144513827,0.9070689530424716,118.79233002662659,NO,dev diagnostic only; negligible gain or regression; no promotion,development_20000,,0.62
CONTRADICTION_0.5,reject numeric-conflict/weak-address candidates,0.9184718589399563,0.9599209142246642,0.8350628968253968,0.9384478144513827,0.9070689530424716,118.90000009536743,NO,dev diagnostic only; negligible gain or regression; no promotion,development_20000,,0.62
CONTRADICTION_0.7,reject numeric-conflict/weak-address candidates,0.9179379790539264,0.9601224023199023,0.8332780158730159,0.9402319357716324,0.9070689530424716,118.97695589065552,NO,dev diagnostic only; negligible gain or regression; no promotion,development_20000,,0.62
ASTRA003_sampled_baseline,sampled_baseline,0.9204314394560275,0.9606677976190476,0.8391938888888888,0.9393398751115076,0.9070689530424716,71.81576490402222,retain_for_further_validation,development-only comparison on identical candidates,development_20000,,0.625
ASTRA003_all_features,all_features,0.9296391726659023,0.9656696536796536,0.85699125,0.9482604817127565,0.9070689530424716,64.71931195259094,retain_for_further_validation,development-only comparison on identical candidates,development_20000,,0.675
ASTRA003_rarity_numeric_only,rarity_numeric_only,0.9285675245125531,0.9650472222222223,0.8549751785714285,0.943800178412132,0.9070689530424716,63.21198296546936,retain_for_further_validation,development-only comparison on identical candidates,development_20000,,0.675
ASTRA011_previous_model,previous_model,0.9491254179085125,0.9731624314574314,0.8986735912698413,0.9455842997323818,0.9849793792055568,28.841310024261475,development comparison,"expanded real candidates, full S1 denominators",development_20000,,0.75
ASTRA011_broader_43,broader_43,0.9545570631543356,0.9762968849206348,0.9080674999999999,0.9491525423728814,0.9849793792055568,171.12552285194397,development comparison,"expanded real candidates, full S1 denominators",development_20000,,0.7
ASTRA011_broader_retrieval,broader_retrieval,0.9568419255277655,0.9788209632034632,0.9090254365079365,0.9571810883140054,0.9849793792055568,110.70112586021423,development comparison,"expanded real candidates, full S1 denominators",development_20000,,0.725
ASTRA011_relative_evidence,relative_evidence,0.9582149307536458,0.9799981854256854,0.9101087896825396,0.9482604817127565,0.9849793792055568,127.97368216514587,development comparison,"expanded real candidates, full S1 denominators",development_20000,,0.75
expanded_map,expanded_map,0.9572073917471069,0.9781283658008658,0.91215501984127,0.9509366636931311,0.9849793792055568,115.46104335784912,development comparison,train-only lexicon; all hard negatives retained,development_20000,,0.7
expanded_context,expanded_context,0.9583201409124096,0.979255248917749,0.9121926587301589,0.9429081177520071,0.9849793792055568,214.11207509040833,development comparison,train-only lexicon; all hard negatives retained,development_20000,,0.75
expanded_macro,expanded_macro,0.9588180940317039,0.9819147222222222,0.9070953769841271,0.9589652096342551,0.9849793792055568,238.9492630958557,development comparison,train-only lexicon; all hard negatives retained,development_20000,,0.775
ASTRA006,expanded candidate pilot,0.9360952603035184,0.9643071428571429,0.8780972222222222,0.8888888888888888,0.9758983980372348,44.01660871505737,diagnostic,Pilot results are not full-validation or leaderboard scores,development_pilot_2000,2000,0.62
ASTRA009,expanded candidate pilot,0.9351811584548823,0.9616930555555557,0.8828900793650793,0.8981481481481481,0.9847019771972868,6.299553155899048,diagnostic,Pilot results are not full-validation or leaderboard scores,development_pilot_2000,2000,0.62
ASTRA010,expanded candidate pilot,0.9482202448468015,0.9678063492063493,0.911608134920635,0.9537037037037037,0.9847019771972868,8.084823608398438,diagnostic,Pilot results are not full-validation or leaderboard scores,development_pilot_2000,2000,0.675
experiments/astra_015/ablation.csv:0,decision ablation,0.9602115622294165,0.9784373015873016,0.9199652777777777,0.9607493309545049,,3.9785428047180176,measured,"{""temperature"": 1.3, ""logit_shift"": 0.5, ""min_top_score"": 0.775}",development_20000,20000,0.0
experiments/astra_015/ablation.csv:1,decision ablation,0.9601050128932793,0.9775890674603175,0.9223433928571428,0.9607493309545049,,2.493438959121704,measured,"{""temperature"": 1.0, ""logit_shift"": 0.5, ""min_top_score"": 0.775}",development_20000,20000,0.0
experiments/astra_015/ablation.csv:2,decision ablation,0.9600770076178984,0.9764606944444444,0.9255920634920635,0.9607493309545049,,1.7367298603057861,measured,"{""temperature"": 0.7, ""logit_shift"": 0.5, ""min_top_score"": 0.775}",development_20000,20000,0.0
experiments/astra_015/ablation.csv:3,decision ablation,0.9600615622294164,0.9782873015873016,0.9198152777777777,0.9553969669937555,,3.9689879417419434,measured,"{""temperature"": 1.3, ""logit_shift"": 0.5, ""min_top_score"": 0.75}",development_20000,20000,0.0
experiments/astra_015/ablation.csv:4,decision ablation,0.9599550128932793,0.9774390674603175,0.9221933928571429,0.9553969669937555,,2.486557960510254,measured,"{""temperature"": 1.0, ""logit_shift"": 0.5, ""min_top_score"": 0.75}",development_20000,20000,0.0
experiments/astra_015/ablation.csv:5,decision ablation,0.9599270076178984,0.9763106944444444,0.9254420634920634,0.9553969669937555,,1.7240409851074219,measured,"{""temperature"": 0.7, ""logit_shift"": 0.5, ""min_top_score"": 0.75}",development_20000,20000,0.0
experiments/astra_015/ablation.csv:6,decision ablation,0.9599206396103688,0.9780873015873016,0.9197861111111111,0.9661016949152542,,3.9860448837280273,measured,"{""temperature"": 1.3, ""logit_shift"": 0.5, ""min_top_score"": 0.8}",development_20000,20000,0.0
experiments/astra_015/ablation.csv:7,decision ablation,0.9599139263137931,0.9792378769841271,0.9173731944444444,0.9607493309545049,,1.5469708442687988,measured,"{""temperature"": 0.7, ""logit_shift"": 0.0, ""min_top_score"": 0.775}",development_20000,20000,0.0
experiments/astra_015/ablation.csv:8,decision ablation,0.9598401319408983,0.9772390674603175,0.9222017261904762,0.9661016949152542,,2.5132029056549072,measured,"{""temperature"": 1.0, ""logit_shift"": 0.5, ""min_top_score"": 0.8}",development_20000,20000,0.0
experiments/astra_015/ablation.csv:9,decision ablation,0.9598121266655173,0.9761106944444444,0.9254503968253969,0.9661016949152542,,1.7475860118865967,measured,"{""temperature"": 0.7, ""logit_shift"": 0.5, ""min_top_score"": 0.8}",development_20000,20000,0.0
experiments/astra_015/ablation.csv:10,decision ablation,0.9597757629207917,0.9814047023809522,0.9108491071428573,0.9607493309545049,,2.3451619148254395,measured,"{""temperature"": 1.0, ""logit_shift"": 0.0, ""min_top_score"": 0.775}",development_20000,20000,0.0
experiments/astra_015/ablation.csv:11,decision ablation,0.9597639263137931,0.979087876984127,0.9172231944444443,0.9553969669937555,,1.4634809494018555,measured,"{""temperature"": 0.7, ""logit_shift"": 0.0, ""min_top_score"": 0.75}",development_20000,20000,0.0
experiments/astra_015/ablation.csv:12,decision ablation,0.9596667781718846,0.9818594047619048,0.9095924404761905,0.9607493309545049,,1.2090518474578857,measured,"{""temperature"": 0.7, ""logit_shift"": -0.5, ""min_top_score"": 0.775}",development_20000,20000,0.0
experiments/astra_015/ablation.csv:13,decision ablation,0.9596490453614122,0.978887876984127,0.9172315277777777,0.9661016949152542,,1.596195936203003,measured,"{""temperature"": 0.7, ""logit_shift"": 0.0, ""min_top_score"": 0.8}",development_20000,20000,0.0
experiments/astra_015/ablation.csv:14,decision ablation,0.9596257629207917,0.9812547023809522,0.9106991071428573,0.9553969669937555,,2.338160753250122,measured,"{""temperature"": 1.0, ""logit_shift"": 0.0, ""min_top_score"": 0.75}",development_20000,20000,0.0
experiments/astra_015/ablation.csv:15,decision ablation,0.9596251243209197,0.9778623015873016,0.9193702777777778,0.9375557537912578,,3.949859142303467,measured,"{""temperature"": 1.3, ""logit_shift"": 0.5, ""min_top_score"": 0.7}",development_20000,20000,0.0
experiments/astra_015/ablation.csv:16,decision ablation,0.9595407972070048,0.9770390674603175,0.9217483928571429,0.9375557537912578,,2.478982925415039,measured,"{""temperature"": 1.0, ""logit_shift"": 0.5, ""min_top_score"": 0.7}",development_20000,20000,0.0
experiments/astra_015/ablation.csv:17,decision ablation,0.9595167781718846,0.9817094047619048,0.9094424404761905,0.9553969669937555,,1.142638921737671,measured,"{""temperature"": 0.7, ""logit_shift"": -0.5, ""min_top_score"": 0.75}",development_20000,20000,0.0
experiments/astra_015/ablation.csv:18,decision ablation,0.9595127919316239,0.9759106944444443,0.9249970634920636,0.9375557537912578,,1.7146170139312744,measured,"{""temperature"": 0.7, ""logit_shift"": 0.5, ""min_top_score"": 0.7}",development_20000,20000,0.0
experiments/astra_015/ablation.csv:19,decision ablation,0.9595108819684108,0.9810547023809523,0.9107074404761905,0.9661016949152542,,2.3521888256073,measured,"{""temperature"": 1.0, ""logit_shift"": 0.0, ""min_top_score"": 0.8}",development_20000,20000,0.0
experiments/astra_015/ablation.csv:20,decision ablation,0.9595029572951275,0.9829675595238095,0.905504503968254,0.9607493309545049,,3.802968978881836,measured,"{""temperature"": 1.3, ""logit_shift"": 0.0, ""min_top_score"": 0.775}",development_20000,20000,0.0
experiments/astra_015/ablation.csv:21,decision ablation,0.9594018972195038,0.9815094047619048,0.9094507738095239,0.9661016949152542,,1.2194769382476807,measured,"{""temperature"": 0.7, ""logit_shift"": -0.5, ""min_top_score"": 0.8}",development_20000,20000,0.0
experiments/astra_015/ablation.csv:22,decision ablation,0.9593529572951275,0.9828175595238096,0.905354503968254,0.9553969669937555,,3.7915568351745605,measured,"{""temperature"": 1.3, ""logit_shift"": 0.0, ""min_top_score"": 0.75}",development_20000,20000,0.0
experiments/astra_015/ablation.csv:23,decision ablation,0.9593413772941852,0.9786878769841271,0.9167531944444443,0.9375557537912578,,1.3536689281463623,measured,"{""temperature"": 0.7, ""logit_shift"": 0.0, ""min_top_score"": 0.7}",development_20000,20000,0.0
experiments/astra_015/ablation.csv:24,decision ablation,0.9592380763427464,0.9826175595238096,0.9053628373015874,0.9661016949152542,,3.810580015182495,measured,"{""temperature"": 1.3, ""logit_shift"": 0.0, ""min_top_score"": 0.8}",development_20000,20000,0.0
experiments/astra_015/ablation.csv:25,decision ablation,0.959203213901184,0.9808547023809522,0.9102291071428572,0.9375557537912578,,2.3293118476867676,measured,"{""temperature"": 1.0, ""logit_shift"": 0.0, ""min_top_score"": 0.7}",development_20000,20000,0.0
experiments/astra_015/ablation.csv:26,decision ablation,0.9591794120878913,0.977295634920635,0.9190694444444445,0.9723461195361285,,3.993748903274536,measured,"{""temperature"": 1.3, ""logit_shift"": 0.5, ""min_top_score"": 0.85}",development_20000,20000,0.0
experiments/astra_015/ablation.csv:27,decision ablation,0.9591049175667021,0.9839560912698413,0.9022562301587302,0.9607493309545049,,0.4944460391998291,measured,"{""temperature"": 0.7, ""logit_shift"": -1.0, ""min_top_score"": 0.775}",development_20000,20000,0.0
experiments/astra_015/ablation.csv:28,decision ablation,0.9590989044184209,0.9764474007936508,0.9214850595238094,0.9723461195361285,,2.5232677459716797,measured,"{""temperature"": 1.0, ""logit_shift"": 0.5, ""min_top_score"": 0.85}",development_20000,20000,0.0
experiments/astra_015/ablation.csv:29,decision ablation,0.9590901299122706,0.9753356944444443,0.92478373015873,0.9723461195361285,,1.7548589706420898,measured,"{""temperature"": 0.7, ""logit_shift"": 0.5, ""min_top_score"": 0.85}",development_20000,20000,0.0
experiments/astra_015/ablation.csv:30,decision ablation,0.9590885730436796,0.9813094047619048,0.9089624404761903,0.9375557537912578,,1.0465857982635498,measured,"{""temperature"": 0.7, ""logit_shift"": -0.5, ""min_top_score"": 0.7}",development_20000,20000,0.0
experiments/astra_015/ablation.csv:31,decision ablation,0.9589833166456834,0.978137876984127,0.9166815277777778,0.9723461195361285,,1.6043288707733154,measured,"{""temperature"": 0.7, ""logit_shift"": 0.0, ""min_top_score"": 0.85}",development_20000,20000,0.0
experiments/astra_015/ablation.csv:32,decision ablation,0.9589549175667021,0.9838060912698413,0.9021062301587303,0.9553969669937555,,0.4459497928619385,measured,"{""temperature"": 0.7, ""logit_shift"": -1.0, ""min_top_score"": 0.75}",development_20000,20000,0.0
experiments/astra_015/ablation.csv:33,decision ablation,0.9589387416088528,0.9824175595238095,0.9049095039682539,0.9375557537912578,,3.7852368354797363,measured,"{""temperature"": 1.3, ""logit_shift"": 0.0, ""min_top_score"": 0.7}",development_20000,20000,0.0
experiments/astra_015/ablation.csv:34,decision ablation,0.9588796400274366,0.9842771626984126,0.9004173611111111,0.9607493309545049,,2.1984267234802246,measured,"{""temperature"": 1.0, ""logit_shift"": -0.5, ""min_top_score"": 0.775}",development_20000,20000,0.0
experiments/astra_015/ablation.csv:35,decision ablation,0.9588451532526822,0.9803047023809522,0.9101574404761904,0.9723461195361285,,2.360729932785034,measured,"{""temperature"": 1.0, ""logit_shift"": 0.0, ""min_top_score"": 0.85}",development_20000,20000,0.0
experiments/astra_015/ablation.csv:36,decision ablation,0.9588400366143213,0.9836060912698412,0.9021145634920636,0.9661016949152542,,0.5220389366149902,measured,"{""temperature"": 0.7, ""logit_shift"": -1.0, ""min_top_score"": 0.8}",development_20000,20000,0.0
experiments/astra_015/ablation.csv:37,decision ablation,0.9587736865412931,0.9807844047619048,0.9089674404761905,0.9723461195361285,,1.2274386882781982,measured,"{""temperature"": 0.7, ""logit_shift"": -0.5, ""min_top_score"": 0.85}",development_20000,20000,0.0
experiments/astra_015/ablation.csv:38,decision ablation,0.9587296400274367,0.9841271626984126,0.9002673611111112,0.9553969669937555,,2.189603090286255,measured,"{""temperature"": 1.0, ""logit_shift"": -0.5, ""min_top_score"": 0.75}",development_20000,20000,0.0
experiments/astra_015/ablation.csv:39,decision ablation,0.9586147590750559,0.9839271626984126,0.9002756944444446,0.9661016949152542,,2.2144529819488525,measured,"{""temperature"": 1.0, ""logit_shift"": -0.5, ""min_top_score"": 0.8}",development_20000,20000,0.0
experiments/astra_015/ablation.csv:40,decision ablation,0.9585542740339441,0.9818675595238096,0.9047711706349207,0.9723461195361285,,3.817368984222412,measured,"{""temperature"": 1.3, ""logit_shift"": 0.0, ""min_top_score"": 0.85}",development_20000,20000,0.0
experiments/astra_015/ablation.csv:41,decision ablation,0.9585218071706637,0.9808594047619048,0.9082332738095238,0.9099018733273863,,0.9683568477630615,measured,"{""temperature"": 0.7, ""logit_shift"": -0.5, ""min_top_score"": 0.0}",development_20000,20000,0.0
experiments/astra_015/ablation.csv:42,decision ablation,0.9585183791051637,0.9834060912698412,0.9016012301587303,0.9375557537912578,,0.38002991676330566,measured,"{""temperature"": 0.7, ""logit_shift"": -1.0, ""min_top_score"": 0.7}",development_20000,20000,0.0
experiments/astra_015/ablation.csv:43,decision ablation,0.9584524068829414,0.9833810912698413,0.9014887301587303,0.928635147190009,,0.361926794052124,measured,"{""temperature"": 0.7, ""logit_shift"": -1.0, ""min_top_score"": 0.0}",development_20000,20000,0.0
experiments/astra_015/ablation.csv:44,decision ablation,0.9584162780878359,0.977887876984127,0.9156490277777779,0.8920606601248885,,1.3453960418701172,measured,"{""temperature"": 0.7, ""logit_shift"": 0.0, ""min_top_score"": 0.0}",development_20000,20000,0.0
experiments/astra_015/ablation.csv:45,decision ablation,0.9583930845265637,0.976420634920635,0.9184177777777779,0.9821587867975022,,4.008484840393066,measured,"{""temperature"": 1.3, ""logit_shift"": 0.5, ""min_top_score"": 0.9}",development_20000,20000,0.0
experiments/astra_015/ablation.csv:46,decision ablation,0.9583125768570934,0.9755724007936507,0.9208333928571428,0.9821587867975022,,2.52937912940979,measured,"{""temperature"": 1.0, ""logit_shift"": 0.5, ""min_top_score"": 0.9}",development_20000,20000,0.0
experiments/astra_015/ablation.csv:47,decision ablation,0.9583121356842763,0.9744606944444444,0.9241570634920634,0.9821587867975022,,1.7625758647918701,measured,"{""temperature"": 0.7, ""logit_shift"": 0.5, ""min_top_score"": 0.9}",development_20000,20000,0.0
experiments/astra_015/ablation.csv:48,decision ablation,0.9583014348992316,0.9837271626984125,0.899787361111111,0.9375557537912578,,2.1785519123077393,measured,"{""temperature"": 1.0, ""logit_shift"": -0.5, ""min_top_score"": 0.7}",development_20000,20000,0.0
experiments/astra_015/ablation.csv:49,decision ablation,0.9582146037138882,0.9828560912698413,0.9017062301587303,0.9723461195361285,,0.6505789756774902,measured,"{""temperature"": 0.7, ""logit_shift"": -1.0, ""min_top_score"": 0.85}",development_20000,20000,0.0
experiments/astra_015/ablation.csv:50,decision ablation,0.9582053224176892,0.9772628769841271,0.9160548611111109,0.9821587867975022,,1.6150720119476318,measured,"{""temperature"": 0.7, ""logit_shift"": 0.0, ""min_top_score"": 0.9}",development_20000,20000,0.0
experiments/astra_015/ablation.csv:51,decision ablation,0.9580671590246879,0.9794297023809522,0.9095307738095239,0.9821587867975022,,2.3781938552856445,measured,"{""temperature"": 1.0, ""logit_shift"": 0.0, ""min_top_score"": 0.9}",development_20000,20000,0.0
experiments/astra_015/ablation.csv:52,decision ablation,0.958004025646632,0.9799094047619048,0.9083657738095239,0.9821587867975022,,1.2349250316619873,measured,"{""temperature"": 0.7, ""logit_shift"": -0.5, ""min_top_score"": 0.9}",development_20000,20000,0.0
experiments/astra_015/ablation.csv:53,decision ablation,0.9579851414704382,0.9832021626984125,0.8998006944444445,0.9723461195361285,,2.2214457988739014,measured,"{""temperature"": 1.0, ""logit_shift"": -0.5, ""min_top_score"": 0.85}",development_20000,20000,0.0
experiments/astra_015/ablation.csv:54,decision ablation,0.9579426980281681,0.9797130357142856,0.9087999404761904,0.8858162355040142,,2.314937114715576,measured,"{""temperature"": 1.0, ""logit_shift"": 0.0, ""min_top_score"": 0.0}",development_20000,20000,0.0
experiments/astra_015/ablation.csv:55,decision ablation,0.9577921750485069,0.9743190277777776,0.9231012301587304,0.8688670829616414,,1.7020537853240967,measured,"{""temperature"": 0.7, ""logit_shift"": 0.5, ""min_top_score"": 0.0}",development_20000,20000,0.0
experiments/astra_015/ablation.csv:56,decision ablation,0.9577762798059499,0.9809925595238096,0.9041445039682542,0.9821587867975022,,3.842683792114258,measured,"{""temperature"": 1.3, ""logit_shift"": 0.0, ""min_top_score"": 0.9}",development_20000,20000,0.0
experiments/astra_015/ablation.csv:57,decision ablation,0.9577013356928823,0.9832271626984126,0.8990581944444445,0.911685994647636,,2.1488378047943115,measured,"{""temperature"": 1.0, ""logit_shift"": -0.5, ""min_top_score"": 0.0}",development_20000,20000,0.0
experiments/astra_015/ablation.csv:58,decision ablation,0.9575129575477029,0.9858660317460318,0.8919158730158732,0.9607493309545049,,3.6644129753112793,measured,"{""temperature"": 1.3, ""logit_shift"": -0.5, ""min_top_score"": 0.775}",development_20000,20000,0.0
experiments/astra_015/ablation.csv:59,decision ablation,0.9574675618668466,0.9819810912698412,0.9011628968253969,0.9821587867975022,,0.7915709018707275,measured,"{""temperature"": 0.7, ""logit_shift"": -1.0, ""min_top_score"": 0.9}",development_20000,20000,0.0
experiments/astra_015/ablation.csv:60,decision ablation,0.9573660774674386,0.9809425595238095,0.903209503968254,0.8760035682426405,,3.7777390480041504,measured,"{""temperature"": 1.3, ""logit_shift"": 0.0, ""min_top_score"": 0.0}",development_20000,20000,0.0
experiments/astra_015/ablation.csv:61,decision ablation,0.957362957547703,0.9857160317460318,0.8917658730158732,0.9553969669937555,,3.6579439640045166,measured,"{""temperature"": 1.3, ""logit_shift"": -0.5, ""min_top_score"": 0.75}",development_20000,20000,0.0
experiments/astra_015/ablation.csv:62,decision ablation,0.957248076595322,0.9855160317460319,0.8917742063492063,0.9661016949152542,,3.6766738891601562,measured,"{""temperature"": 1.3, ""logit_shift"": -0.5, ""min_top_score"": 0.8}",development_20000,20000,0.0
experiments/astra_015/ablation.csv:63,decision ablation,0.9572154805757774,0.9823271626984126,0.8991990277777779,0.9821587867975022,,2.229062795639038,measured,"{""temperature"": 1.0, ""logit_shift"": -0.5, ""min_top_score"": 0.9}",development_20000,20000,0.0
experiments/astra_015/ablation.csv:64,decision ablation,0.9570380490564905,0.9862852380952382,0.8896970634920636,0.9607493309545049,,2.0256597995758057,measured,"{""temperature"": 1.0, ""logit_shift"": -1.0, ""min_top_score"": 0.775}",development_20000,20000,0.0
experiments/astra_015/ablation.csv:65,decision ablation,0.9569915457640035,0.9745932341269842,0.919073392857143,0.8456735057983943,,2.4687888622283936,measured,"{""temperature"": 1.0, ""logit_shift"": 0.5, ""min_top_score"": 0.0}",development_20000,20000,0.0
experiments/astra_015/ablation.csv:66,decision ablation,0.956940408528095,0.9853160317460319,0.8912958730158731,0.9375557537912578,,3.5126430988311768,measured,"{""temperature"": 1.3, ""logit_shift"": -0.5, ""min_top_score"": 0.7}",development_20000,20000,0.0
experiments/astra_015/ablation.csv:67,decision ablation,0.9568880490564905,0.9861352380952382,0.8895470634920636,0.9553969669937555,,1.9976098537445068,measured,"{""temperature"": 1.0, ""logit_shift"": -1.0, ""min_top_score"": 0.75}",development_20000,20000,0.0
experiments/astra_015/ablation.csv:68,decision ablation,0.9567731681041094,0.9859352380952381,0.889555396825397,0.9661016949152542,,2.0337228775024414,measured,"{""temperature"": 1.0, ""logit_shift"": -1.0, ""min_top_score"": 0.8}",development_20000,20000,0.0
experiments/astra_015/ablation.csv:69,decision ablation,0.9566098439282852,0.9858852380952381,0.8892170634920634,0.943800178412132,,1.9869906902313232,measured,"{""temperature"": 1.0, ""logit_shift"": -1.0, ""min_top_score"": 0.7}",development_20000,20000,0.0
experiments/astra_015/ablation.csv:70,decision ablation,0.9565823478795932,0.9847660317460318,0.8912242063492064,0.9723461195361285,,3.6837639808654785,measured,"{""temperature"": 1.3, ""logit_shift"": -0.5, ""min_top_score"": 0.85}",development_20000,20000,0.0
experiments/astra_015/ablation.csv:71,decision ablation,0.9564465593217457,0.984899365079365,0.8907167063492063,0.9152542372881356,,3.355520009994507,measured,"{""temperature"": 1.3, ""logit_shift"": -0.5, ""min_top_score"": 0.0}",development_20000,20000,0.0
experiments/astra_015/ablation.csv:72,decision ablation,0.9564327605949519,0.9857352380952381,0.8890045634920635,0.9393398751115076,,1.940368890762329,measured,"{""temperature"": 1.0, ""logit_shift"": -1.0, ""min_top_score"": 0.0}",development_20000,20000,0.0
experiments/astra_015/ablation.csv:73,decision ablation,0.9561310685370099,0.9851852380952382,0.8890970634920633,0.9723461195361285,,2.0413219928741455,measured,"{""temperature"": 1.0, ""logit_shift"": -1.0, ""min_top_score"": 0.85}",development_20000,20000,0.0
experiments/astra_015/ablation.csv:74,decision ablation,0.9558126869849324,0.9838910317460319,0.8906225396825397,0.9821587867975022,,3.694974899291992,measured,"{""temperature"": 1.3, ""logit_shift"": -0.5, ""min_top_score"": 0.9}",development_20000,20000,0.0
experiments/astra_015/ablation.csv:75,decision ablation,0.955384026689968,0.9843102380952381,0.8885537301587301,0.9821587867975022,,2.0554308891296387,measured,"{""temperature"": 1.0, ""logit_shift"": -1.0, ""min_top_score"": 0.9}",development_20000,20000,0.0
experiments/astra_015/ablation.csv:76,decision ablation,0.9553531546239499,0.9737123015873016,0.9149202777777778,0.808206958073149,,3.941465139389038,measured,"{""temperature"": 1.3, ""logit_shift"": 0.5, ""min_top_score"": 0.0}",development_20000,20000,0.0
experiments/astra_015/ablation.csv:77,decision ablation,0.9535942836134756,0.9872333928571428,0.876961369047619,0.9607493309545049,,2.8181538581848145,measured,"{""temperature"": 1.3, ""logit_shift"": -1.0, ""min_top_score"": 0.775}",development_20000,20000,0.0
experiments/astra_015/ablation.csv:78,decision ablation,0.9535744118186038,0.9872333928571428,0.8769063690476191,0.9545049063336307,,2.803419828414917,measured,"{""temperature"": 1.3, ""logit_shift"": -1.0, ""min_top_score"": 0.7}",development_20000,20000,0.0
experiments/astra_015/ablation.csv:79,decision ablation,0.9535442836134757,0.9871833928571428,0.876911369047619,0.9589652096342551,,2.8107457160949707,measured,"{""temperature"": 1.3, ""logit_shift"": -1.0, ""min_top_score"": 0.75}",development_20000,20000,0.0
experiments/astra_015/ablation.csv:80,decision ablation,0.9535244118186038,0.9871833928571428,0.8768563690476191,0.9536128456735058,,2.6796979904174805,measured,"{""temperature"": 1.3, ""logit_shift"": -1.0, ""min_top_score"": 0.0}",development_20000,20000,0.0
experiments/astra_015/ablation.csv:81,decision ablation,0.9534794026610948,0.9870333928571429,0.8769697023809524,0.9661016949152542,,2.824145793914795,measured,"{""temperature"": 1.3, ""logit_shift"": -1.0, ""min_top_score"": 0.8}",development_20000,20000,0.0
experiments/astra_015/ablation.csv:82,decision ablation,0.9528373030939951,0.9862833928571428,0.8765113690476192,0.9723461195361285,,2.908799886703491,measured,"{""temperature"": 1.3, ""logit_shift"": -1.0, ""min_top_score"": 0.85}",development_20000,20000,0.0
experiments/astra_015/ablation.csv:83,decision ablation,0.9520902612469534,0.9854083928571429,0.8759680357142857,0.9821587867975022,,3.021103858947754,measured,"{""temperature"": 1.3, ""logit_shift"": -1.0, ""min_top_score"": 0.9}",development_20000,20000,0.0
experiments/astra_015/candidate_floor.csv:0,decision ablation,0.9602115622294165,0.9784373015873016,0.9199652777777777,0.9607493309545049,,,measured,"{""candidate_floor"": 0.0}",development_20000,20000,0.0
experiments/astra_015/candidate_floor.csv:1,decision ablation,0.9602018896103688,0.9784789682539682,0.9199027777777777,0.9607493309545049,,,measured,"{""candidate_floor"": 0.5}",development_20000,20000,0.0
experiments/astra_015/candidate_floor.csv:2,decision ablation,0.9600933347199835,0.9786289682539682,0.9192144444444444,0.9607493309545049,,,measured,"{""candidate_floor"": 0.6}",development_20000,20000,0.0
experiments/astra_015/candidate_floor.csv:3,decision ablation,0.9599554654790536,0.9791183730158729,0.9178414682539682,0.9607493309545049,,,measured,"{""candidate_floor"": 0.65}",development_20000,20000,0.0
experiments/astra_015/candidate_floor.csv:4,decision ablation,0.959577128357805,0.9799246825396826,0.9149099801587302,0.9607493309545049,,,measured,"{""candidate_floor"": 0.7}",development_20000,20000,0.0
experiments/astra_012/late_gate/ablation.csv:0,decision ablation,0.9582149307536458,0.9799981854256854,0.9101087896825396,0.9482604817127565,,,measured,"{""gate_threshold"": 0.0001}",development_20000,20000,0.0
experiments/astra_012/late_gate/ablation.csv:1,decision ablation,0.9582071926584076,0.9799981854256854,0.9100800396825398,0.9482604817127565,,,measured,"{""gate_threshold"": 0.0005}",development_20000,20000,0.0
experiments/astra_012/late_gate/ablation.csv:2,decision ablation,0.9582052331595733,0.9800148520923522,0.9100342063492062,0.9482604817127565,,,measured,"{""gate_threshold"": 0.001}",development_20000,20000,0.0
experiments/astra_012/late_gate/ablation.csv:3,decision ablation,0.9581288127050277,0.9799648520923522,0.9099050396825398,0.9482604817127565,,,measured,"{""gate_threshold"": 0.002}",development_20000,20000,0.0
experiments/astra_012/late_gate/ablation.csv:4,decision ablation,0.957985185192834,0.9799148520923522,0.9096067063492065,0.9482604817127565,,,measured,"{""gate_threshold"": 0.005}",development_20000,20000,0.0
experiments/astra_012/late_gate/ablation.csv:5,decision ablation,0.9579151421494869,0.9799571139971139,0.9092953968253968,0.9482604817127565,,,measured,"{""gate_threshold"": 0.01}",development_20000,20000,0.0
experiments/astra_012/late_gate/ablation.csv:6,decision ablation,0.9575458151331928,0.9798530663780665,0.9083714682539683,0.9482604817127565,,,measured,"{""gate_threshold"": 0.02}",development_20000,20000,0.0
experiments/astra_012/late_gate/ablation.csv:7,decision ablation,0.9568109564809562,0.9797338997113999,0.9063348412698411,0.9491525423728814,,,measured,"{""gate_threshold"": 0.05}",development_20000,20000,0.0
experiments/astra_012/late_gate/ablation.csv:8,decision ablation,0.9555510152851359,0.9793524007936508,0.903105238095238,0.9500446030330062,,,measured,"{""gate_threshold"": 0.1}",development_20000,20000,0.0
experiments/astra_012/guard_v2_relative/guard_ablation.csv:0,batch-invariant reference abstention,0.958979872360926,0.9809242460317459,0.9101962896825396,0.9500446030330062,,,measured,strong=0.9; margin=0.01,development_20000,20000,0.75
experiments/astra_012/guard_v2_relative/guard_ablation.csv:1,batch-invariant reference abstention,0.9589608143899115,0.9809009126984127,0.9101962896825396,0.9500446030330062,,,measured,strong=0.95; margin=0.01,development_20000,20000,0.75
experiments/astra_012/guard_v2_relative/guard_ablation.csv:2,batch-invariant reference abstention,0.9588848391176069,0.9808071626984128,0.9102087896825396,0.9500446030330062,,,measured,strong=0.9; margin=0.05,development_20000,20000,0.75
experiments/astra_012/guard_v2_relative/guard_ablation.csv:3,batch-invariant reference abstention,0.9588752384709475,0.9807917460317461,0.9102087896825396,0.9500446030330062,,,measured,strong=0.99; margin=0.01,development_20000,20000,0.75
experiments/astra_012/guard_v2_relative/guard_ablation.csv:4,batch-invariant reference abstention,0.9588657811465924,0.9807838293650795,0.9102087896825396,0.9500446030330062,,,measured,strong=0.95; margin=0.05,development_20000,20000,0.75
experiments/astra_012/guard_v2_relative/guard_ablation.csv:5,batch-invariant reference abstention,0.958791365941914,0.9806913293650794,0.9102087896825396,0.9500446030330062,,,measured,strong=0.99; margin=0.05,development_20000,20000,0.75
experiments/astra_012/guard_v2_relative/guard_ablation.csv:6,batch-invariant reference abstention,0.95876142216993,0.9806712103174603,0.9101587896825396,0.9491525423728814,,,measured,strong=0.9; margin=0.1,development_20000,20000,0.75
experiments/astra_012/guard_v2_relative/guard_ablation.csv:7,batch-invariant reference abstention,0.9587423641989157,0.9806478769841269,0.9101587896825396,0.9491525423728814,,,measured,strong=0.95; margin=0.1,development_20000,20000,0.75
experiments/astra_012/guard_v2_relative/guard_ablation.csv:8,batch-invariant reference abstention,0.9586762823275705,0.980565376984127,0.9101587896825396,0.9491525423728814,,,measured,strong=0.99; margin=0.1,development_20000,20000,0.75
experiments/astra_012/guard_v2_relative/guard_ablation.csv:9,batch-invariant reference abstention,0.9586630676774155,0.9805487103174604,0.9101587896825396,0.9491525423728814,,,measured,strong=0.9; margin=0.2,development_20000,20000,0.75
experiments/astra_012/guard_v2_relative/guard_ablation.csv:10,batch-invariant reference abstention,0.95865162875402,0.980535376984127,0.9101587896825396,0.9491525423728814,,,measured,strong=0.95; margin=0.2,development_20000,20000,0.75
experiments/astra_012/guard_v2_relative/guard_ablation.csv:11,batch-invariant reference abstention,0.9585938802160082,0.980462876984127,0.9101587896825396,0.9491525423728814,,,measured,strong=0.99; margin=0.2,development_20000,20000,0.75
experiments/astra_013/guard_macro/guard_ablation.csv:0,batch-invariant reference abstention,0.9594910941392726,0.9827363095238095,0.9071828769841271,0.9607493309545049,,,measured,strong=0.9; margin=0.01,development_20000,20000,0.775
experiments/astra_013/guard_macro/guard_ablation.csv:1,batch-invariant reference abstention,0.9594728787478529,0.9827142857142855,0.9071828769841271,0.9607493309545049,,,measured,strong=0.95; margin=0.01,development_20000,20000,0.775
experiments/astra_013/guard_macro/guard_ablation.csv:2,batch-invariant reference abstention,0.9593968170968005,0.9826150595238093,0.9071953769841271,0.9607493309545049,,,measured,strong=0.9; margin=0.05,development_20000,20000,0.775
experiments/astra_013/guard_macro/guard_ablation.csv:3,batch-invariant reference abstention,0.9593896837812695,0.9826084523809524,0.9071953769841271,0.9607493309545049,,,measured,strong=0.99; margin=0.01,development_20000,20000,0.775
experiments/astra_013/guard_macro/guard_ablation.csv:4,batch-invariant reference abstention,0.9593786017053808,0.9825930357142857,0.9071953769841271,0.9607493309545049,,,measured,strong=0.95; margin=0.05,development_20000,20000,0.775
experiments/astra_013/guard_macro/guard_ablation.csv:5,batch-invariant reference abstention,0.9593065674530833,0.9825038690476191,0.9071953769841271,0.9607493309545049,,,measured,strong=0.99; margin=0.05,development_20000,20000,0.775
experiments/astra_013/guard_macro/guard_ablation.csv:6,batch-invariant reference abstention,0.959284233295862,0.9824907738095239,0.9071453769841271,0.9598572702943801,,,measured,strong=0.9; margin=0.1,development_20000,20000,0.775
experiments/astra_013/guard_macro/guard_ablation.csv:7,batch-invariant reference abstention,0.9592660179044422,0.98246875,0.9071453769841271,0.9598572702943801,,,measured,strong=0.95; margin=0.1,development_20000,20000,0.775
experiments/astra_013/guard_macro/guard_ablation.csv:8,batch-invariant reference abstention,0.9591939836521449,0.9823795833333333,0.9071453769841271,0.9598572702943801,,,measured,strong=0.99; margin=0.1,development_20000,20000,0.775
experiments/astra_013/guard_macro/guard_ablation.csv:9,batch-invariant reference abstention,0.9591795529396684,0.9823599404761906,0.9071453769841271,0.9598572702943801,,,measured,strong=0.9; margin=0.2,development_20000,20000,0.775
experiments/astra_013/guard_macro/guard_ablation.csv:10,batch-invariant reference abstention,0.9591689565958678,0.9823479166666668,0.9071453769841271,0.9598572702943801,,,measured,strong=0.95; margin=0.2,development_20000,20000,0.775
experiments/astra_013/guard_macro/guard_ablation.csv:11,batch-invariant reference abstention,0.9591112080578561,0.9822754166666667,0.9071453769841271,0.9598572702943801,,,measured,strong=0.99; margin=0.2,development_20000,20000,0.775
ASTRA_SELECTED_DEVELOPMENT,expected F0.5 with singleton guard and individual score floor,0.9602018896103688,0.9784789682539682,0.9199027777777777,0.9607493309545049,,,selected,Frozen before reserved holdout; measured gain in both development halves,development_20000,20000,0.0
ASTRA_FINAL_RESERVED_HOLDOUT,refit on 80000 S1; frozen pipeline,0.9607007051289307,0.979067242063492,0.9197708297258298,0.957847533632287,0.9852323416049543,333.3407256603241,confirmation,"No holdout labels used for training, thresholds, or early stopping",reserved_holdout_20000,20000,0.775
ASTRA_BASELINE_SAME_HOLDOUT,protected original model and original blocker,0.9161312197240613,0.9583670616883116,0.8319182106782107,0.9318385650224216,0.9040174382515554,99.20744609832764,reference,Paired comparison on identical S1 entities,reserved_holdout_20000,20000,0.62
