threshold,macro_f05,macro_precision,macro_recall,singleton_accuracy,n_entities,predicted,true_pairs,tp,false_positives,false_negatives,empty_predictions,strong,margin,rejected_pairs,scope
0.62,0.9197268014227815,0.9613965584415584,0.8353220634920635,0.9420160570918823,20000,58415,69105,57401,1014,11704,1499,0.9,0.01,448,"dev-only diagnostic; full reference text, no alternative labels"
0.62,0.9196135359521568,0.9612539880952381,0.8353428968253968,0.9420160570918823,20000,58434,69105,57403,1031,11702,1499,0.9,0.05,429,"dev-only diagnostic; full reference text, no alternative labels"
0.62,0.9194927799355561,0.9611103983516485,0.8352928968253968,0.9411239964317574,20000,58447,69105,57403,1044,11702,1498,0.9,0.1,416,"dev-only diagnostic; full reference text, no alternative labels"
0.62,0.9192127139496621,0.960752938034188,0.8352928968253968,0.9411239964317574,20000,58485,69105,57403,1082,11702,1496,0.9,0.2,378,"dev-only diagnostic; full reference text, no alternative labels"
0.62,0.9196944100125908,0.9613473322510823,0.8353303968253968,0.9420160570918823,20000,58422,69105,57402,1020,11703,1499,0.95,0.01,438,"dev-only diagnostic; full reference text, no alternative labels"
0.62,0.9195773566631782,0.9612047619047618,0.8353428968253968,0.9420160570918823,20000,58440,69105,57403,1037,11702,1499,0.95,0.05,420,"dev-only diagnostic; full reference text, no alternative labels"
0.62,0.9194585293280688,0.9610636523199024,0.8352928968253968,0.9411239964317574,20000,58453,69105,57403,1050,11702,1498,0.95,0.1,407,"dev-only diagnostic; full reference text, no alternative labels"
0.62,0.9192004213403107,0.9607374618437118,0.8352928968253968,0.9411239964317574,20000,58487,69105,57403,1084,11702,1496,0.95,0.2,373,"dev-only diagnostic; full reference text, no alternative labels"
0.62,0.9195362210252719,0.9611520833333334,0.8353428968253968,0.9420160570918823,20000,58439,69105,57403,1036,11702,1499,0.99,0.01,395,"dev-only diagnostic; full reference text, no alternative labels"
0.62,0.9194306349035553,0.9610265293040293,0.8353428968253968,0.9420160570918823,20000,58455,69105,57403,1052,11702,1499,0.99,0.05,379,"dev-only diagnostic; full reference text, no alternative labels"
0.62,0.9193196056301993,0.9608944856532354,0.8352928968253968,0.9411239964317574,20000,58466,69105,57403,1063,11702,1498,0.99,0.1,368,"dev-only diagnostic; full reference text, no alternative labels"
0.62,0.9191172713611581,0.9606341285103787,0.8352928968253968,0.9411239964317574,20000,58495,69105,57403,1092,11702,1496,0.99,0.2,339,"dev-only diagnostic; full reference text, no alternative labels"
