threshold,macro_f05,macro_precision,macro_recall,singleton_accuracy,n_entities,predicted,true_pairs,tp,false_positives,false_negatives,empty_predictions,strong,margin
0.775,0.9594910941392726,0.9827363095238095,0.9071828769841271,0.9607493309545049,20000,62980,69105,62373,607,6732,1229,0.9,0.01
0.775,0.9594728787478529,0.9827142857142855,0.9071828769841271,0.9607493309545049,20000,62983,69105,62373,610,6732,1229,0.95,0.01
0.775,0.9593968170968005,0.9826150595238093,0.9071953769841271,0.9607493309545049,20000,62993,69105,62374,619,6731,1229,0.9,0.05
0.775,0.9593896837812695,0.9826084523809524,0.9071953769841271,0.9607493309545049,20000,62990,69105,62374,616,6731,1229,0.99,0.01
0.775,0.9593786017053808,0.9825930357142857,0.9071953769841271,0.9607493309545049,20000,62996,69105,62374,622,6731,1229,0.95,0.05
0.775,0.9593065674530833,0.9825038690476191,0.9071953769841271,0.9607493309545049,20000,63001,69105,62374,627,6731,1229,0.99,0.05
0.775,0.959284233295862,0.9824907738095239,0.9071453769841271,0.9598572702943801,20000,63003,69105,62374,629,6731,1228,0.9,0.1
0.775,0.9592660179044422,0.98246875,0.9071453769841271,0.9598572702943801,20000,63006,69105,62374,632,6731,1228,0.95,0.1
0.775,0.9591939836521449,0.9823795833333333,0.9071453769841271,0.9598572702943801,20000,63011,69105,62374,637,6731,1228,0.99,0.1
0.775,0.9591795529396684,0.9823599404761906,0.9071453769841271,0.9598572702943801,20000,63014,69105,62374,640,6731,1228,0.9,0.2
0.775,0.9591689565958678,0.9823479166666668,0.9071453769841271,0.9598572702943801,20000,63016,69105,62374,642,6731,1228,0.95,0.2
0.775,0.9591112080578561,0.9822754166666667,0.9071453769841271,0.9598572702943801,20000,63020,69105,62374,646,6731,1228,0.99,0.2
