scope,threshold,before_pairs,after_pairs,positive_retention,positive_lost
dev,1e-6,2428761,2418140,1.0,0
dev,0.00001,2428761,1679787,1.0,0
dev,0.0001,2428761,431054,0.9998883269786066,7
dev,0.0005,2428761,211271,0.9996490276470494,22
dev,0.001,2428761,171097,0.9993140085828693,43
dev,0.005,2428761,122688,0.9976548665507394,147
dev,0.01,2428761,110303,0.9962828837164781,233
broad_pilot,1e-6,426608,424216,1.0,0
broad_pilot,0.00001,426608,316341,1.0,0
broad_pilot,0.0001,426608,97845,0.9998534369045874,1
broad_pilot,0.0005,426608,46484,0.9992671845229372,5
broad_pilot,0.001,426608,34680,0.998974058332112,7
broad_pilot,0.005,426608,19478,0.9960427964238605,27
broad_pilot,0.01,426608,16163,0.9934046607064341,45
